boh_associate_email_id,email_type_id,boh_associate_email
1,3,kgoldsack0@networksolutions.com
2,3,ctunuy1@liveinternet.ru
3,3,mgyngyll2@zdnet.com
4,2,reverard3@themeforest.net
5,1,educkwith4@t.co
6,1,lpercy5@google.co.uk
7,2,lkilford6@parallels.com
8,1,jmccaffrey7@rambler.ru
9,1,sblazynski8@msn.com
10,1,eellesmere9@cmu.edu
11,1,lcheeneya@businessweek.com
12,3,xcranchb@hexun.com
13,2,eblackneyc@dedecms.com
14,2,dianizzid@edublogs.org
15,1,tchildee@xing.com
16,3,ctokellf@symantec.com
17,3,ckonertzg@kickstarter.com
18,3,mpepperdh@rakuten.co.jp
19,3,ibattertoni@domainmarket.com
20,2,sstazikerj@tinyurl.com
21,1,bstrussk@weebly.com
22,1,msainteaul@usa.gov
23,2,nperksm@google.com.au
24,3,jcrevaghn@sphinn.com
25,2,dweinmanno@yolasite.com
26,1,ncrofthwaitep@fastcompany.com
27,1,gbyrcherq@wp.com
28,2,lraddenr@is.gd
29,3,gabrehearts@nationalgeographic.com
30,3,otroket@statcounter.com
31,3,chaneyu@bing.com
32,1,rlinsayv@noaa.gov
33,3,espelwoodw@artisteer.com
34,1,smargettsx@japanpost.jp
35,3,hpurley@jimdo.com
36,2,afrostdickz@yelp.com
37,2,dsleith10@shop-pro.jp
38,2,cbestwick11@moonfruit.com
39,1,mgianuzzi12@loc.gov
40,2,teckh13@nationalgeographic.com
41,3,dcasajuana14@pbs.org
42,2,phallford15@instagram.com
43,2,mjakubovits16@sourceforge.net
44,1,dleverage17@issuu.com
45,1,wkelling18@house.gov
46,2,aantonio19@ed.gov
47,2,dfosdick1a@typepad.com
48,3,gcastanos1b@example.com
49,1,umaccart1c@nasa.gov
50,1,dpomfrey1d@eepurl.com
51,3,rdunniom1e@ehow.com
52,1,ccheetham1f@ehow.com
53,2,ewysome1g@pinterest.com
54,1,cbuggs1h@ucoz.com
55,2,jgeator1i@unesco.org
56,1,sgoldson1j@imageshack.us
57,3,cdronsfield1k@mayoclinic.com
58,2,gboxill1l@domainmarket.com
59,3,ggerauld1m@auda.org.au
60,1,smcclunaghan1n@naver.com
61,3,joronan1o@yellowpages.com
62,3,awrassell1p@archive.org
63,2,arandle1q@forbes.com
64,3,sscyone1r@nba.com
65,3,emelburg1s@lulu.com
66,1,ltooher1t@dropbox.com
67,1,thewertson1u@canalblog.com
68,3,mwace1v@columbia.edu
69,3,dgillum1w@chron.com
70,2,ashafe1x@1und1.de
71,2,rsmallpiece1y@yandex.ru
72,3,hsword1z@people.com.cn
73,2,abolin20@miitbeian.gov.cn
74,3,qedmonstone21@stumbleupon.com
75,1,hlaise22@washingtonpost.com
76,2,dedwicke23@businessinsider.com
77,2,rjahan24@kickstarter.com
78,2,sblain25@gizmodo.com
79,1,hchaundy26@miitbeian.gov.cn
80,3,gelsip27@mayoclinic.com
81,2,rflament28@cmu.edu
82,1,cguildford29@answers.com
83,2,godams2a@webmd.com
84,2,dmcilwrath2b@friendfeed.com
85,3,bboost2c@hud.gov
86,1,mball2d@etsy.com
87,1,rleguay2e@wordpress.org
88,3,cpepall2f@canalblog.com
89,1,eream2g@paypal.com
90,1,kogrogane2h@amazon.co.uk
91,2,akemp2i@blogspot.com
92,2,dducket2j@geocities.com
93,3,mramalho2k@wikipedia.org
94,3,temery2l@wunderground.com
95,3,mpynn2m@seattletimes.com
96,1,emallows2n@unblog.fr
97,2,dentwisle2o@cdbaby.com
98,2,pleal2p@ucoz.com
99,3,kdominy2q@slashdot.org
100,2,ksimonot2r@wisc.edu
101,2,cvasin2s@phpbb.com
102,2,eaxtens2t@miitbeian.gov.cn
103,1,fdhillon2u@npr.org
104,1,bviveash2v@telegraph.co.uk
105,2,lsimonnot2w@nytimes.com
106,1,omacaree2x@earthlink.net
107,3,dparbrook2y@indiegogo.com
108,3,dczajka2z@example.com
109,3,bcamacke30@jigsy.com
110,3,azannotti31@cisco.com
111,1,tweld32@symantec.com
112,1,dprobyn33@multiply.com
113,1,fpeakman34@answers.com
114,2,jtwitching35@ft.com
115,1,imcowen36@sina.com.cn
116,2,clandre37@admin.ch
117,1,zriatt38@wikipedia.org
118,2,hsarson39@upenn.edu
119,1,sheckner3a@theguardian.com
120,2,rtams3b@surveymonkey.com
121,1,ndenkel3c@apple.com
122,3,slesor3d@addtoany.com
123,2,pwhitlock3e@mit.edu
124,2,kvardey3f@simplemachines.org
125,2,crudall3g@shutterfly.com
126,2,sadie3h@mysql.com
127,1,nrosie3i@jigsy.com
128,2,dstriker3j@jimdo.com
129,2,crimington3k@about.me
130,1,ahindrich3l@google.it
131,3,bhehir3m@tripod.com
132,3,wduinbleton3n@nyu.edu
133,3,dmeenehan3o@reverbnation.com
134,2,cmoss3p@bloomberg.com
135,3,mdormand3q@ameblo.jp
136,1,groskell3r@blogtalkradio.com
137,3,bgladdolph3s@cornell.edu
138,2,caherne3t@boston.com
139,1,aseleway3u@godaddy.com
140,1,alindeman3v@usatoday.com
141,2,pbalazs3w@huffingtonpost.com
142,1,sclarage3x@example.com
143,2,hpillman3y@sun.com
144,2,tpoe3z@gizmodo.com
145,1,zoshee40@sourceforge.net
146,1,mfoucar41@friendfeed.com
147,3,rgrieswood42@china.com.cn
148,1,jfarman43@icq.com
149,2,sblaasch44@foxnews.com
150,1,bflobert45@jigsy.com
151,3,aalebrooke46@army.mil
152,2,nborchardt47@amazon.de
153,3,tdjekic48@kickstarter.com
154,3,bcalafate49@nytimes.com
155,3,pbomb4a@storify.com
156,1,smistry4b@imageshack.us
157,1,ejarret4c@noaa.gov
158,2,pstearn4d@businesswire.com
159,2,gcasham4e@mit.edu
160,2,dogelsby4f@geocities.jp
161,3,wrosindill4g@chron.com
162,2,cbuggy4h@qq.com
163,1,atirkin4i@booking.com
164,3,hbarnwill4j@1und1.de
165,3,lpashler4k@yale.edu
166,2,skynsey4l@cnn.com
167,1,kwhipp4m@gnu.org
168,3,gofarrell4n@mlb.com
169,3,dziemecki4o@slashdot.org
170,3,gkarmel4p@tumblr.com
171,2,stolson4q@jigsy.com
172,3,mearp4r@ucoz.com
173,1,dcallendar4s@vistaprint.com
174,3,cmerrifield4t@adobe.com
175,2,srens4u@dedecms.com
176,2,ecorneliussen4v@nsw.gov.au
177,1,dpetto4w@addtoany.com
178,3,gbaumler4x@jugem.jp
179,3,trudall4y@studiopress.com
180,2,gbreadmore4z@fda.gov
181,1,mmelland50@cyberchimps.com
182,1,fdyball51@psu.edu
183,2,rgoldwater52@icq.com
184,1,psandey53@linkedin.com
185,3,dwithinshaw54@ox.ac.uk
186,2,vyanson55@exblog.jp
187,2,wverrills56@abc.net.au
188,3,cneames57@istockphoto.com
189,2,tmulbery58@reference.com
190,2,dmouget59@whitehouse.gov
191,2,rriha5a@nba.com
192,3,whulcoop5b@yandex.ru
193,1,kcaldicot5c@sakura.ne.jp
194,3,esole5d@issuu.com
195,1,oabramsky5e@phpbb.com
196,1,ewintersgill5f@slate.com
197,1,gmccroary5g@craigslist.org
198,1,hsnell5h@trellian.com
199,1,gvonsalzberg5i@mac.com
200,1,fmcglew5j@plala.or.jp
201,2,lfero5k@sina.com.cn
202,1,hmadden5l@addtoany.com
203,1,rmushawe5m@over-blog.com
204,2,acalan5n@friendfeed.com
205,3,lhartmann5o@bloglovin.com
206,1,waiken5p@surveymonkey.com
207,2,rfairbourn5q@statcounter.com
208,2,dfrankland5r@dedecms.com
209,3,nmughal5s@printfriendly.com
210,1,jduffy5t@macromedia.com
211,3,abinch5u@163.com
212,3,alarvor5v@cisco.com
213,1,rgrinval5w@illinois.edu
214,2,channigan5x@netlog.com
215,1,rbakhrushkin5y@census.gov
216,2,glillicrap5z@cargocollective.com
217,1,lmcnaughton60@hugedomains.com
218,1,ghapper61@51.la
219,3,memanuele62@dagondesign.com
220,2,erix63@imageshack.us
221,1,ghendrickx64@miibeian.gov.cn
222,3,ftimoney65@people.com.cn
223,1,mflack66@biblegateway.com
224,2,bchirm67@cyberchimps.com
225,1,bcrame68@de.vu
226,3,mcamin69@delicious.com
227,1,bbewley6a@businessinsider.com
228,2,fedwicke6b@fastcompany.com
229,3,tgeorghiou6c@ebay.co.uk
230,3,bdellenbrok6d@imgur.com
231,1,mpimblett6e@xrea.com
232,2,khuckett6f@wikia.com
233,1,fmarty6g@independent.co.uk
234,3,rcopnall6h@bbb.org
235,2,vhackworthy6i@goodreads.com
236,1,kkearey6j@walmart.com
237,2,umanuaud6k@google.fr
238,2,rpearde6l@stanford.edu
239,1,ldefew6m@simplemachines.org
240,2,jbolding6n@npr.org
241,3,sbiggs6o@ovh.net
242,1,lbantock6p@npr.org
243,2,mdelatremoille6q@newsvine.com
244,1,gchipchase6r@weebly.com
245,3,afentem6s@house.gov
246,2,creedyhough6t@e-recht24.de
247,1,lgyves6u@example.com
248,1,gdmitrievski6v@ft.com
249,1,odahlberg6w@cpanel.net
250,3,frentz6x@dedecms.com
251,2,aheinke6y@4shared.com
252,3,lbreitling6z@com.com
253,2,cbabb70@weebly.com
254,3,dgerrard71@youku.com
255,2,wslatcher72@cargocollective.com
256,2,mocooney73@artisteer.com
257,3,aashtonhurst74@example.com
258,1,koldcroft75@loc.gov
259,1,ghuskinson76@google.es
260,3,nguitt77@joomla.org
261,1,mkeener78@blinklist.com
262,3,ftinton79@icio.us
263,3,cmaccahee7a@ca.gov
264,1,adies7b@e-recht24.de
265,1,gdewen7c@webmd.com
266,1,wcoryndon7d@jalbum.net
267,1,bmalcher7e@blinklist.com
268,3,cliepina7f@cnbc.com
269,2,zmclelland7g@privacy.gov.au
270,1,eblondell7h@oracle.com
271,2,gellacombe7i@mit.edu
272,2,ngottelier7j@tiny.cc
273,1,ipegler7k@slideshare.net
274,3,hfearon7l@reverbnation.com
275,2,pemlen7m@upenn.edu
276,2,bcearley7n@wsj.com
277,2,jburnand7o@bluehost.com
278,1,ktiley7p@java.com
279,1,mcheng7q@blogtalkradio.com
280,3,astrettle7r@slideshare.net
281,3,dmcfadin7s@ameblo.jp
282,3,mchanter7t@angelfire.com
283,1,nstobie7u@multiply.com
284,1,cschafer7v@tumblr.com
285,1,ifoggo7w@mayoclinic.com
286,2,gottawell7x@mac.com
287,1,idunsmuir7y@cbslocal.com
288,2,tbaurerich7z@zimbio.com
289,3,mdeambrosi80@ycombinator.com
290,1,fdelwater81@cnet.com
291,1,equeste82@smh.com.au
292,3,slittlecote83@nature.com
293,3,jbelone84@prlog.org
294,3,akibbey85@constantcontact.com
295,1,dklaussen86@digg.com
296,1,cbampfield87@liveinternet.ru
297,3,kmoult88@dmoz.org
298,1,draecroft89@jimdo.com
299,3,rmardlin8a@buzzfeed.com
300,2,lcoultas8b@plala.or.jp
301,3,rhabergham8c@tumblr.com
302,1,gmccorley8d@jugem.jp
303,3,hhavelin8e@google.de
304,3,rspurr8f@digg.com
305,2,byellowlee8g@ow.ly
306,2,ebredgeland8h@dyndns.org
307,2,dbence8i@bloglines.com
308,3,mtwinborne8j@seattletimes.com
309,3,srymer8k@cnbc.com
310,1,etheunissen8l@tripod.com
311,3,dkrol8m@google.es
312,3,anormant8n@simplemachines.org
313,2,gleathley8o@booking.com
314,3,wgiveen8p@ox.ac.uk
315,2,cjemmett8q@icq.com
316,2,nmardy8r@sourceforge.net
317,2,cmckennan8s@parallels.com
318,1,chatt8t@oakley.com
319,3,wskellorne8u@hao123.com
320,2,ascardefield8v@twitpic.com
321,2,chartless8w@weebly.com
322,3,mtavner8x@purevolume.com
323,1,pstoffer8y@bbc.co.uk
324,3,tconws8z@zimbio.com
325,2,imcquillin90@wordpress.org
326,1,dstanyan91@pinterest.com
327,2,eferraron92@yale.edu
328,2,dbrandt93@cbc.ca
329,2,gmackeig94@networkadvertising.org
330,3,bing95@ebay.co.uk
331,2,pespadas96@sitemeter.com
332,3,sranahan97@nationalgeographic.com
333,1,tdepper98@virginia.edu
334,1,gscuse99@studiopress.com
335,1,olochet9a@bloglines.com
336,3,hchieze9b@tamu.edu
337,2,skilleley9c@sina.com.cn
338,3,mmaccoll9d@msn.com
339,3,ballott9e@friendfeed.com
340,3,abaselli9f@mapy.cz
341,2,jweson9g@goodreads.com
342,3,lpawson9h@google.fr
343,2,rmilley9i@disqus.com
344,3,abullar9j@storify.com
345,1,atreneman9k@nifty.com
346,1,jkniveton9l@uiuc.edu
347,3,bprall9m@washingtonpost.com
348,2,jpes9n@about.com
349,1,lgailor9o@blinklist.com
350,1,cknottley9p@skype.com
351,3,mrilings9q@sourceforge.net
352,1,nstripp9r@123-reg.co.uk
353,3,kgraybeal9s@mapy.cz
354,2,dbrunini9t@plala.or.jp
355,1,gtirte9u@jalbum.net
356,3,rpilgram9v@jiathis.com
357,1,jgopsell9w@globo.com
358,1,hnoar9x@chron.com
359,3,bclampe9y@vinaora.com
360,1,rpinnigar9z@discovery.com
361,3,fsuttella0@purevolume.com
362,3,jsimnella1@nsw.gov.au
363,2,croufa2@sitemeter.com
364,1,fwisbya3@moonfruit.com
365,2,wnewea4@flavors.me
366,3,apringera5@networkadvertising.org
367,2,njuggingsa6@github.com
368,2,hdefranciscia7@fc2.com
369,2,mhalgartha8@tinyurl.com
370,3,cblancharda9@paypal.com
371,3,seayrsaa@123-reg.co.uk
372,3,oleytonab@zimbio.com
373,2,fticknerac@moonfruit.com
374,2,hbernardesad@amazon.co.jp
375,1,foliverasae@bbb.org
376,2,jhardwareaf@pen.io
377,2,tdeatheag@harvard.edu
378,2,cgreenleesah@sakura.ne.jp
379,2,lcomiamai@qq.com
380,2,kgawnaj@gnu.org
381,3,dpykettak@lycos.com
382,3,cwarstallal@virginia.edu
383,3,golfertam@harvard.edu
384,1,sstempean@flavors.me
385,3,fhirtzmannao@amazon.com
386,1,tsynnotap@aol.com
387,3,lstanleyaq@hatena.ne.jp
388,2,lgisburnear@livejournal.com
389,2,shatwellas@dedecms.com
390,1,agentilat@aol.com
391,1,tbeebyau@sphinn.com
392,1,llemaryav@wordpress.org
393,3,psalasaraw@hp.com
394,3,eguslonax@wikia.com
395,2,hjocicay@twitter.com
396,2,llyndonaz@google.co.uk
397,1,tryceb0@wunderground.com
398,2,bchawkleyb1@usnews.com
399,1,frasellb2@clickbank.net
400,2,iloudonb3@ebay.com
401,3,gpierseb4@chronoengine.com
402,3,lthoroldb5@devhub.com
403,2,cbeggiob6@businessinsider.com
404,1,gleynaghb7@shop-pro.jp
405,3,ttimsb8@wunderground.com
406,1,kmintoffb9@utexas.edu
407,3,chandrekba@furl.net
408,2,jcuvleybb@gnu.org
409,3,jquantbc@rakuten.co.jp
410,1,momarabd@arstechnica.com
411,2,tlevertonbe@slashdot.org
412,2,dchadbournebf@google.pl
413,2,pfloundersbg@qq.com
414,1,biacovuccibh@naver.com
415,2,tkenwellbi@businessinsider.com
416,2,mputtnambj@a8.net
417,3,jgebbybk@ftc.gov
418,3,mgolybl@indiegogo.com
419,1,tarneckebm@google.it
420,3,fqusklaybn@forbes.com
421,3,wsoignebo@canalblog.com
422,1,ahatherleybp@salon.com
423,2,wguerrybq@zdnet.com
424,1,srodwellbr@phoca.cz
425,1,dcazinbs@alibaba.com
426,3,bdimitrioubt@dot.gov
427,2,ldorbonbu@amazon.com
428,2,aswannackbv@ebay.com
429,1,hbeacockbw@nba.com
430,3,clayburnbx@jimdo.com
431,1,wbisterfeldby@accuweather.com
432,1,daylottbz@washingtonpost.com
433,2,tphidginc0@studiopress.com
434,1,kcherrisonc1@weather.com
435,2,dlamplughc2@networkadvertising.org
436,2,bperronec3@dyndns.org
437,3,wchartresc4@amazonaws.com
438,2,nthickensc5@yellowbook.com
439,1,dferraronec6@liveinternet.ru
440,3,tloggiec7@cbsnews.com
441,2,cwakehamc8@irs.gov
442,2,clavenderc9@cdbaby.com
443,1,fgrandinca@archive.org
444,3,rbernthcb@alexa.com
445,1,ucolthurstcc@pen.io
446,1,thaggerstonecd@spotify.com
447,2,ppadkince@liveinternet.ru
448,1,moleaghamcf@unblog.fr
449,1,gsexcg@forbes.com
450,1,gzemlerch@xrea.com
451,1,noakeshottci@furl.net
452,2,eladburycj@webnode.com
453,1,mloadeck@creativecommons.org
454,2,craittiecl@freewebs.com
455,2,wbulchcm@xinhuanet.com
456,2,pandrzejczakcn@bizjournals.com
457,2,pcompstonco@google.es
458,1,gjepsoncp@deviantart.com
459,3,cmcinnescq@icq.com
460,3,greynoldcr@nature.com
461,3,kvonbrookcs@amazon.com
462,3,epetchect@stanford.edu
463,2,pdummigancu@paypal.com
464,3,ewasoncv@w3.org
465,2,tpanecw@sogou.com
466,2,dmouancx@si.edu
467,3,wchansoncy@wikispaces.com
468,3,cpanonscz@hhs.gov
469,2,gmcphilipd0@usda.gov
470,1,dnucciid1@newsvine.com
471,3,rdrabled2@wp.com
472,2,pswynfend3@ucsd.edu
473,3,shardsond4@exblog.jp
474,3,mglantzd5@feedburner.com
475,3,cstoltzd6@purevolume.com
476,3,hmccromleyd7@comsenz.com
477,2,mmattekd8@xinhuanet.com
478,3,gmellodyd9@printfriendly.com
479,3,thanbyda@gmpg.org
480,3,fclaybourndb@usgs.gov
481,3,sgoranovdc@google.ru
482,1,lkealydd@oracle.com
483,2,imucklode@unc.edu
484,3,cworcesterdf@walmart.com
485,2,dcubbondg@mlb.com
486,3,jblunderfielddh@xrea.com
487,3,spreedydi@google.de
488,1,rsummersbydj@springer.com
489,2,ggaltonedk@latimes.com
490,1,cfarranddl@usda.gov
491,1,ebartrapdm@ucoz.com
492,3,colahydn@tmall.com
493,2,rlehuquetdo@bloglovin.com
494,3,vpuxleydp@diigo.com
495,2,mmaudsondq@miibeian.gov.cn
496,3,nmilbydr@weather.com
497,3,rlowaterds@google.cn
498,1,jpharedt@delicious.com
499,3,jbrightmandu@google.it
500,1,hvivashdv@live.com
501,2,talberydw@elpais.com
502,1,ssanjadx@smh.com.au
503,3,plepopedy@quantcast.com
504,3,geisenbergdz@icq.com
505,3,rgoggene0@columbia.edu
506,1,mstratforde1@sun.com
507,1,acastiglionee2@comsenz.com
508,2,wfarakere3@earthlink.net
509,3,drediere4@engadget.com
510,1,fwisbeye5@blogtalkradio.com
511,2,smagore6@infoseek.co.jp
512,2,retone7@dell.com
513,3,acooke8@a8.net
514,3,flandrethe9@sphinn.com
515,3,hgooldea@berkeley.edu
516,2,rkinavaneb@redcross.org
517,2,fmaytumec@ucoz.ru
518,2,mdraudeed@wsj.com
519,1,hreginaee@google.ca
520,1,rpersittef@instagram.com
521,1,mschacheg@goodreads.com
522,3,ithickineh@multiply.com
523,1,cbentleyei@slashdot.org
524,2,cgoodgerej@dagondesign.com
525,1,cconrardek@webs.com
526,3,hbergel@cisco.com
527,2,amccartyem@who.int
528,2,abarraren@lulu.com
529,2,pquiddihyeo@ucla.edu
530,3,sdrinkallep@businessweek.com
531,1,iomurtagheq@google.ca
532,1,akenneficker@ihg.com
533,3,cphalpes@a8.net
534,3,pwellbanket@digg.com
535,3,cskyrmeu@jigsy.com
536,3,cdabnotev@nature.com
537,2,scooew@sina.com.cn
538,1,bchadneyex@w3.org
539,3,ggrubeey@networkadvertising.org
540,1,jcaldowez@un.org
541,2,oburroughesf0@google.de
542,1,lbullinghamf1@forbes.com
543,3,gpennyf2@bloglovin.com
544,2,osansf3@last.fm
545,1,marltf4@ox.ac.uk
546,3,lmartinonf5@w3.org
547,2,dchansonnauf6@rediff.com
548,3,ralejandref7@home.pl
549,3,xshitliffef8@sitemeter.com
550,2,kboxf9@yellowbook.com
551,1,bkeeffefa@phpbb.com
552,1,lbamellfb@netlog.com
553,3,dclawsleyfc@timesonline.co.uk
554,1,jrafterfd@51.la
555,3,scolemanfe@drupal.org
556,1,jdupeyff@google.com.hk
557,3,pdorrefg@miitbeian.gov.cn
558,2,feubankfh@icq.com
559,2,mzuanellifi@wikispaces.com
560,3,tgearefj@ifeng.com
561,1,bswalefk@nytimes.com
562,1,srosenthalerfl@yelp.com
563,3,mespinozafm@boston.com
564,1,tceresafn@biblegateway.com
565,2,apennockfo@mozilla.org
566,1,bestevezfp@stumbleupon.com
567,3,jbuttelfq@diigo.com
568,3,dkinworthyfr@chicagotribune.com
569,3,habrahamsohnfs@guardian.co.uk
570,3,sjuanft@123-reg.co.uk
571,3,rrenadfu@facebook.com
572,3,afilinkovfv@stumbleupon.com
573,3,ostathorfw@imageshack.us
574,3,apettitfx@berkeley.edu
575,2,sbutsonfy@amazonaws.com
576,1,mcantifz@oaic.gov.au
577,2,sbaderg0@surveymonkey.com
578,3,lremerg1@sfgate.com
579,2,mdomleog2@shareasale.com
580,3,bfirpog3@over-blog.com
581,3,mfarreg4@csmonitor.com
582,2,aadlingtong5@wiley.com
583,1,hglindeg6@liveinternet.ru
584,2,bklimking7@sphinn.com
585,3,dsergisong8@yellowpages.com
586,1,cnielsong9@shutterfly.com
587,2,dwoodroughga@time.com
588,2,mcardengb@goo.ne.jp
589,3,evanvuurengc@aboutads.info
590,3,kpictongd@imdb.com
591,2,vbygottge@mapquest.com
592,1,lcoccigf@networkadvertising.org
593,2,klemarquandgg@issuu.com
594,2,cprattingh@blogger.com
595,2,jlocheadgi@printfriendly.com
596,3,bsmithermangj@mayoclinic.com
597,2,kfidellgk@prlog.org
598,1,bgossagegl@washingtonpost.com
599,1,rlaminggm@illinois.edu
600,1,tcrockettgn@japanpost.jp
601,3,amclarensgo@squarespace.com
602,2,jbushegp@bigcartel.com
603,2,bcorneljesgq@fda.gov
604,3,fcorlessgr@redcross.org
605,1,lcornsgs@dion.ne.jp
606,1,dbuxseygt@prnewswire.com
607,2,jbouskillgu@sbwire.com
608,3,apaynegv@upenn.edu
609,1,nmeysgw@patch.com
610,2,jkoeppkegx@sourceforge.net
611,2,lwilcottgy@arstechnica.com
612,1,mrotlaufgz@fc2.com
613,1,jgyerh0@symantec.com
614,2,rjerokh1@51.la
615,2,ajankovich2@wikispaces.com
616,3,mpaulitschkeh3@issuu.com
617,1,oalmackh4@mtv.com
618,3,alowmassh5@umn.edu
619,2,emattholieh6@sbwire.com
620,2,wcurneenh7@geocities.jp
621,1,kriggh8@goodreads.com
622,2,zrosenbuschh9@weibo.com
623,3,mbirkmyreha@themeforest.net
624,1,kpysonhb@army.mil
625,1,jjellardhc@answers.com
626,3,tpawlickhd@icio.us
627,1,mfiliphe@shutterfly.com
628,2,bbrimblecombhf@delicious.com
629,3,daitchinsonhg@opera.com
630,1,jsangrahh@mashable.com
631,3,scolefordhi@yelp.com
632,3,tcockremhj@bing.com
633,2,fbenkohk@huffingtonpost.com
634,2,abeasleyhl@com.com
635,3,fmchalehm@webnode.com
636,3,kdecourceyhn@discuz.net
637,3,tdesforgesho@mayoclinic.com
638,2,htapehp@yellowpages.com
639,1,mrykerthq@cloudflare.com
640,2,tlummushr@amazon.com
641,2,nfrowdehs@altervista.org
642,3,magusht@upenn.edu
643,2,asimonhu@jugem.jp
644,2,anewlandshv@a8.net
645,2,rdelacourthw@naver.com
646,3,wgeraldinihx@histats.com
647,3,rmansourhy@uol.com.br
648,3,ustopfordhz@reference.com
649,3,opageni0@usa.gov
650,3,arogani1@tinypic.com
651,1,cloughheadi2@vk.com
652,1,pradcliffei3@imgur.com
653,3,mlawni4@omniture.com
654,3,hbonhani5@loc.gov
655,1,mmumbesoni6@xinhuanet.com
656,3,mgobbeti7@nymag.com
657,2,zlourensi8@google.pl
658,2,msextyi9@printfriendly.com
659,2,sswindellsia@wp.com
660,3,marletib@newyorker.com
661,1,mlevenskyic@51.la
662,3,flouedeyid@loc.gov
663,1,lbodkerie@parallels.com
664,3,fpickinif@storify.com
665,2,olevensig@plala.or.jp
666,1,mferandezih@google.com.br
667,2,ilawfordii@wp.com
668,1,twinridgeij@theatlantic.com
669,1,ezorzinik@sogou.com
670,1,dgrancheril@loc.gov
671,1,rcluerim@dyndns.org
672,3,tballefantin@washingtonpost.com
673,2,lvankinio@wired.com
674,3,dsaxonip@ucsd.edu
675,1,cteliginiq@trellian.com
676,3,uvedekhovir@shinystat.com
677,2,eabeleis@123-reg.co.uk
678,1,fgreeveit@vkontakte.ru
679,2,sselveyiu@wufoo.com
680,2,hmaddoxiv@icio.us
681,1,kpolleiw@merriam-webster.com
682,3,ltonerix@youku.com
683,2,abarenseiy@ucla.edu
684,1,bwessingiz@state.tx.us
685,3,alightowlersj0@newsvine.com
686,1,jbuxyj1@php.net
687,2,gjakabj2@boston.com
688,3,cgrentj3@nasa.gov
689,3,jlambrickj4@house.gov
690,2,aprofferj5@photobucket.com
691,3,cthowj6@webnode.com
692,1,gbiggsj7@vimeo.com
693,2,nchristescuj8@shareasale.com
694,1,wlaffoleylanej9@japanpost.jp
695,1,fhaynesja@si.edu
696,2,mumplebyjb@java.com
697,2,kvarleyjc@oracle.com
698,1,chyattjd@mapy.cz
699,3,amadgewickje@bloglines.com
700,1,ladamczewskijf@dyndns.org
701,3,rsivornjg@printfriendly.com
702,2,csondonjh@shop-pro.jp
703,2,dgarbettji@japanpost.jp
704,2,atomowiczjj@vistaprint.com
705,3,dcammoilejk@blog.com
706,2,bberndsenjl@japanpost.jp
707,2,glehrjm@spiegel.de
708,2,kgreenlandjn@meetup.com
709,3,nmayalljo@mtv.com
710,2,cmacfarlanjp@psu.edu
711,3,oveltmannjq@narod.ru
712,3,tfanningjr@nydailynews.com
713,2,tduckerinjs@youku.com
714,1,dsawkinjt@geocities.jp
715,2,dvarvaraju@chicagotribune.com
716,3,cklezmskijv@cisco.com
717,3,dhaimesjw@4shared.com
718,3,iurchjx@theglobeandmail.com
719,2,cgergusjy@hp.com
720,1,eloachejz@nationalgeographic.com
721,3,pgillaspyk0@fda.gov
722,1,crochfordk1@simplemachines.org
723,1,jdeenerk2@netvibes.com
724,1,sfullstonek3@wikipedia.org
725,2,cbowdenk4@quantcast.com
726,3,etrahairk5@friendfeed.com
727,2,mtulleyk6@sciencedirect.com
728,2,cjenkinsk7@theguardian.com
729,2,krowlink8@friendfeed.com
730,1,mgrindlek9@sciencedirect.com
731,2,gpargiterka@state.gov
732,2,brosenvasserkb@ucla.edu
733,3,mdealkc@seesaa.net
734,2,tcauderliekd@reuters.com
735,1,nmolloyke@google.co.uk
736,3,cneatekf@pinterest.com
737,2,isealykg@admin.ch
738,2,ncornwallkh@booking.com
739,3,rburleski@miibeian.gov.cn
740,2,oheavysidekj@shop-pro.jp
741,3,arevingtonkk@oakley.com
742,2,sscoldingkl@slashdot.org
743,2,twipflerkm@disqus.com
744,2,mkailkn@amazon.de
745,2,pmcquaideko@wp.com
746,2,bgiraudykp@stanford.edu
747,3,kfassonkq@prlog.org
748,2,amottleykr@cyberchimps.com
749,2,erollettks@shutterfly.com
750,1,cconiamkt@unc.edu
751,2,eduferku@techcrunch.com
752,1,sjakabkv@umich.edu
753,1,fedrichkw@earthlink.net
754,2,skenfordkx@whitehouse.gov
755,1,evoffky@java.com
756,2,hguerinkz@elpais.com
757,1,cpeerlessl0@ow.ly
758,1,khaughanl1@reuters.com
759,2,jedgingtonl2@t-online.de
760,2,tlandall3@examiner.com
761,3,sguiettl4@qq.com
762,1,sboyatl5@symantec.com
763,2,frabbetl6@flickr.com
764,2,rhagwoodl7@yellowpages.com
765,1,gloyndonl8@mashable.com
766,2,hfitzjohnl9@bloglines.com
767,2,cassella@ucla.edu
768,2,dallibonlb@goo.gl
769,1,mlaisterlc@alexa.com
770,3,cbawlesld@oaic.gov.au
771,1,cpasterfieldle@shop-pro.jp
772,2,ematthiesonlf@chronoengine.com
773,2,dbonhommelg@blog.com
774,3,wladdslh@webnode.com
775,2,afendlenli@comsenz.com
776,3,ckulvearlj@telegraph.co.uk
777,1,mmingayelk@ifeng.com
778,2,dramiroll@zdnet.com
779,3,nspurdlelm@cloudflare.com
780,3,nmawmanln@eepurl.com
781,1,mlaythamlo@plala.or.jp
782,3,ablakebroughlp@google.com
783,2,aparnabylq@de.vu
784,1,btosspelllr@imageshack.us
785,2,lperrottetls@admin.ch
786,1,esapautonlt@intel.com
787,1,lgainfortlu@themeforest.net
788,2,fokielv@plala.or.jp
789,1,mallboneslw@surveymonkey.com
790,1,cfuscolx@symantec.com
791,3,oblagburnly@wiley.com
792,2,egrunbaumlz@spotify.com
793,3,cdunlopm0@qq.com
794,3,mcortinm1@theguardian.com
795,2,ddreganm2@youtu.be
796,2,mokelleherm3@4shared.com
797,2,mdawneym4@theglobeandmail.com
798,2,dgambellm5@ucoz.ru
799,2,gbumfordm6@cbc.ca
800,1,apoinsettm7@netscape.com
801,2,bhubbockm8@google.com
802,2,tpinsentm9@usgs.gov
803,3,wnewvellma@indiatimes.com
804,3,astarbuckmb@webnode.com
805,1,mferniermc@twitter.com
806,2,cguitelmd@google.nl
807,2,fgilleyme@twitpic.com
808,3,ameinekenmf@unicef.org
809,3,cdorracottmg@twitpic.com
810,2,aomannionmh@github.io
811,2,dgalliermi@google.co.jp
812,1,hmuzzallmj@liveinternet.ru
813,3,tmckeownmk@tuttocitta.it
814,1,gcolpusml@cbsnews.com
815,3,fbehnkemm@omniture.com
816,3,llarrawaymn@deviantart.com
817,1,balpsmo@mail.ru
818,3,tcrossmanmp@craigslist.org
819,3,hmorecombmq@ihg.com
820,2,bboolsenmr@ihg.com
821,2,mlawleems@linkedin.com
822,3,pnuthmt@shop-pro.jp
823,3,mmortlockmu@purevolume.com
824,3,iblabiemv@altervista.org
825,3,brawlynsmw@xinhuanet.com
826,3,helsburymx@lycos.com
827,3,hskeemermy@aol.com
828,2,kmourgemz@amazon.de
829,1,cdorsetn0@simplemachines.org
830,3,rguittn1@vimeo.com
831,3,wrobroen2@digg.com
832,1,jcluleen3@zimbio.com
833,3,ejobken4@harvard.edu
834,2,tdoakn5@theglobeandmail.com
835,1,krapen6@time.com
836,1,bhaselupn7@unblog.fr
837,1,rwardlawn8@hugedomains.com
838,2,jcharretten9@pinterest.com
839,1,aconnowna@rediff.com
840,2,sziehmnb@china.com.cn
841,3,dkennnc@usda.gov
842,2,cmeacend@reddit.com
843,2,lgerataschne@dell.com
844,2,rgreernf@ftc.gov
845,2,yglasperng@csmonitor.com
846,1,nbohmannh@icio.us
847,3,mcheesemanni@gov.uk
848,1,nshackesbynj@whitehouse.gov
849,3,lstilingnk@over-blog.com
850,1,agristnl@acquirethisname.com
851,1,jramelotnm@weibo.com
852,1,aclemencetnn@nbcnews.com
853,2,oclynmansno@nsw.gov.au
854,1,dpearenp@blogtalkradio.com
855,3,cbattricknq@who.int
856,1,amagwoodnr@reuters.com
857,1,greubelns@friendfeed.com
858,3,gquinnellnt@ucla.edu
859,3,gcawthranu@forbes.com
860,1,lsunnersnv@alibaba.com
861,1,cjoronnw@addthis.com
862,3,bgraveynx@e-recht24.de
863,1,jtomsany@domainmarket.com
864,1,bwieprechtnz@marriott.com
865,2,kcroneyo0@usa.gov
866,2,splaistoweo1@a8.net
867,3,stomleyo2@twitpic.com
868,2,nhathwoodo3@4shared.com
869,1,rmacalpino4@omniture.com
870,2,imathiasseno5@scribd.com
871,3,sadshedeo6@businesswire.com
872,2,lalfonsinio7@nsw.gov.au
873,2,qtakkoso8@yandex.ru
874,2,deskrietto9@rediff.com
875,3,mcrusoa@is.gd
876,3,gwilliamob@123-reg.co.uk
877,2,apellittoc@devhub.com
878,2,twedlakeod@freewebs.com
879,2,mproughtenoe@army.mil
880,1,fwhitechurchof@blogs.com
881,1,sshinefieldog@chicagotribune.com
882,1,arummingoh@eepurl.com
883,3,aaggottoi@washingtonpost.com
884,3,rgoedeoj@homestead.com
885,1,fleggeok@github.io
886,2,kpiperol@blogger.com
887,2,csamettom@a8.net
888,1,vdevonporton@utexas.edu
889,1,mlambisoo@newyorker.com
890,1,nknightop@privacy.gov.au
891,3,esedgmanoq@bigcartel.com
892,3,rmemmoryor@mtv.com
893,2,adivveros@unicef.org
894,1,fcreminsot@flickr.com
895,2,aemigou@globo.com
896,3,dchislettov@dagondesign.com
897,3,mdawdryow@sciencedirect.com
898,1,fmeddowsox@scribd.com
899,2,ssmylieoy@patch.com
900,3,htrainoz@vimeo.com
901,2,gzoldp0@nytimes.com
902,1,gitzkovwichp1@elpais.com
903,2,cjakemanp2@indiegogo.com
904,1,cjulianp3@usda.gov
905,1,jsizelandp4@sitemeter.com
906,3,dgoncalop5@github.com
907,3,nelksp6@eventbrite.com
908,2,msouttarp7@stanford.edu
909,3,mfolbiggp8@blog.com
910,1,cbathap9@wikia.com
911,3,ureariepa@si.edu
912,1,nferrypb@ed.gov
913,2,dkilleleypc@reference.com
914,3,jmaloneypd@cornell.edu
915,3,rtaptonpe@dion.ne.jp
916,2,gdelayglesiapf@usa.gov
917,3,dnovakpg@europa.eu
918,3,ttuffieldph@dagondesign.com
919,2,gcordeixpi@bloglines.com
920,2,tdionisettopj@pcworld.com
921,2,soleshuninpk@joomla.org
922,1,dkeirlepl@admin.ch
923,3,bcanningspm@eventbrite.com
924,1,dpfertnerpn@imdb.com
925,1,kdelaprellepo@nifty.com
926,2,adowbekinpp@google.es
927,1,acardpq@amazon.de
928,1,edallowaypr@stumbleupon.com
929,1,hdumperps@auda.org.au
930,2,nbennellpt@admin.ch
931,1,ngascoynepu@hhs.gov
932,1,ekrautpv@independent.co.uk
933,1,ngudepw@bloglines.com
934,1,mwassonpx@google.ca
935,3,awordenpy@i2i.jp
936,2,hsimanpz@discuz.net
937,1,ttetfordq0@shutterfly.com
938,1,cbernardinelliq1@omniture.com
939,1,cgrouerq2@woothemes.com
940,2,ljuggingsq3@webnode.com
941,3,smashamq4@lulu.com
942,3,bgamilq5@webeden.co.uk
943,2,lgodarq6@house.gov
944,2,tlagenq7@google.es
945,2,kgosselinq8@bravesites.com
946,2,egiacominiq9@technorati.com
947,2,malekseevqa@imdb.com
948,1,rscoggansqb@canalblog.com
949,1,bpyzerqc@netscape.com
950,3,fcolbertqd@goo.gl
951,3,hbaudinoqe@livejournal.com
952,2,lbuntenqf@edublogs.org
953,1,hkyndredqg@goo.gl
954,1,nrawlenceqh@webnode.com
955,3,jhoytqi@flickr.com
956,2,mjothamqj@nytimes.com
957,1,hbahlqk@wordpress.org
958,2,egallonql@reddit.com
959,3,rhurringqm@virginia.edu
960,2,dbettinsonqn@usnews.com
961,3,wgwilymqo@mail.ru
962,3,ntwedeqp@gmpg.org
963,3,bpundqq@spiegel.de
964,3,hmcclymontqr@feedburner.com
965,2,dboneqs@yahoo.com
966,2,amawhinneyqt@si.edu
967,3,hchansonnequ@instagram.com
968,2,acattqv@hibu.com
969,2,hmackiesonqw@xing.com
970,2,dleifqx@sohu.com
971,2,dbreewoodqy@chicagotribune.com
972,2,jcristoforettiqz@a8.net
973,1,tmarmonr0@twitter.com
974,3,aschulkenr1@usgs.gov
975,3,tgoomsr2@bing.com
976,2,gdunner3@statcounter.com
977,3,dvasilchenkor4@bloglines.com
978,2,fpaquetr5@com.com
979,2,jzellmerr6@zimbio.com
980,1,dconcannonr7@privacy.gov.au
981,3,pbailesr8@hexun.com
982,1,lgroller9@howstuffworks.com
983,2,skimberleyra@blogger.com
984,1,epaxmanrb@hud.gov
985,1,mkeyserrc@statcounter.com
986,1,scuzenrd@netlog.com
987,1,pveversre@sciencedaily.com
988,1,sduttonrf@dagondesign.com
989,2,apolleyerg@indiegogo.com
990,3,klegallrh@gmpg.org
991,2,ebulbeckri@slashdot.org
992,1,tmaclainerj@php.net
993,2,gyardyrk@cocolog-nifty.com
994,3,ghavillerl@tmall.com
995,1,kpratorrm@jigsy.com
996,1,wdinnisrn@ovh.net
997,2,csecrettro@mayoclinic.com
998,1,bdanherrp@earthlink.net
999,2,wacklandsrq@foxnews.com
1000,3,sgrimmolbyrr@dailymotion.com
