guest_id,guest_first_name,guest_last_name,guest_gender,guest_dob,guest_email_id
1,Sarine,Chilton,Yiyizze,65/94/5696,744809
2,Stephan,Matthai,Pyrbhjd,08/96/6277,309674
3,Feliks,Barneville,Rjdhvtn,62/20/2990,105157
4,Nicola,Lubbock,Oawpwgx,97/84/1080,344892
5,Hinze,Beevis,Eyuzkka,87/23/5209,160346
6,Claudian,Golsthorp,Dcxzqoy,69/76/6494,449295
7,Meggi,Haddy,Doxumbj,34/14/8533,764700
8,Chloris,Grigoroni,Ikkllaa,10/91/7072,521696
9,Flynn,Hefforde,Ijuoigb,80/50/7762,179801
10,Muriel,Stockport,Nmxwpun,13/40/9072,386210
11,Marget,Gookey,Chjbtto,37/64/2272,755714
12,Beale,Aleksashin,Wfqvqqo,44/01/7518,584652
13,Neilla,Mcwhinney,Qwojdri,38/31/7110,914002
14,Jeremias,Skirlin,Nuetcpm,17/98/7313,472126
15,Gisela,Rankmore,Gswghbw,76/59/7669,260715
16,Debi,Kimmel,Jmxvnhn,36/88/0991,216442
17,Chad,Geleman,Wreeteb,73/09/7143,804621
18,Yule,Pauling,Ugljckq,49/95/4993,864728
19,Bernadette,Keat,Tkpenmh,45/47/8822,495993
20,Dorita,Ozintsev,Jcwihem,25/95/6424,505958
21,Wright,Montford,Hbtdelj,75/02/5362,717755
22,Kermit,Jantzen,Agklnxo,78/47/5641,964808
23,Brocky,Pickford,Iujlvlp,96/32/2189,477468
24,Donavon,Plewes,Oepoovq,89/43/7829,938260
25,Lucita,De Hooge,Kvzetrk,73/33/9953,423005
26,Craggie,Stone,Jnfpzsr,75/59/8163,471901
27,Edgardo,Schollar,Usftzok,34/22/0145,230847
28,Meggi,Ropking,Qdzxytq,15/25/9988,733736
29,Munmro,Oddy,Avaubpx,95/06/7834,192431
30,Chip,Kuhwald,Rkqbmlt,34/83/6303,799401
31,Consuelo,Bocken,Skaxfml,88/41/5183,492939
32,Rawley,Teal,Xuuaygr,47/40/3905,477139
33,Alison,Ivanets,Wfvpspq,25/36/6829,405152
34,Isak,Adess,Kosdivb,02/96/2853,205218
35,Clarie,Causnett,Qzxanwc,92/17/6555,666489
36,Cass,Peddel,Lbxmyev,16/75/5037,402188
37,Mathew,Baynes,Gxcqmat,26/04/3540,879809
38,Britt,Bellinger,Tigkdtm,95/95/8667,540360
39,Carce,Sweeney,Yowqtoh,31/22/6849,465622
40,Giorgio,Hallybone,Afznjgm,02/77/4610,488791
41,Cassandry,Van Arsdall,Glbwygv,27/86/6538,379347
42,Mabelle,Goomes,Ljqouav,09/83/8677,544599
43,Reggis,Focke,Ltlyhmu,52/31/3272,839581
44,Emmaline,Jacobsohn,Rabiwyq,04/43/5646,743741
45,Rasia,Fullstone,Pgldsks,66/95/8613,248541
46,Sig,Orfeur,Zitfmph,74/97/7157,947337
47,Ody,Sanja,Xfcynnf,54/15/4521,846716
48,Kristi,Shippam,Gzsxwnh,73/11/3676,433075
49,Carola,Burdge,Giwzryw,64/23/0632,225700
50,Karen,Drohun,Vwkinow,73/90/8853,923131
51,Elvyn,Tiron,Xemybtc,14/04/0183,193632
52,Lurlene,Cordingley,Qpquuql,32/43/3399,373267
53,Garvey,Auden,Umsiaqi,10/11/0147,997760
54,Raynell,Mathiassen,Xomrckd,07/75/2487,360872
55,Bentlee,Francie,Vqjncks,48/03/6495,806287
56,Aleta,Romaines,Zhdfwop,32/48/0533,515623
57,Forest,Attwood,Abafcey,57/53/6948,583937
58,Arabela,M'Quhan,Xzwhyhm,83/96/6661,981971
59,Johannah,Brass,Qwptoxr,63/28/8537,799190
60,Niki,Howling,Tnldxrx,57/91/4194,682859
61,Lydon,Silbermann,Fbodhoc,60/78/6254,554176
62,Eugene,Pestridge,Tplaikc,77/12/3345,204402
63,Stafford,Dumphrey,Sxvveef,38/95/1947,457722
64,Raleigh,Clemmett,Qwpgsnf,28/04/0717,974378
65,Shaw,Kempshall,Noldysm,61/21/1721,953082
66,Calvin,Wellum,Pqdauut,05/19/4404,206549
67,Laurie,Matej,Mjhvjvt,22/48/6292,693093
68,Roscoe,Fitzsymons,Uufjmkr,67/47/9744,485036
69,Patten,Ramey,Qlnhror,58/53/3684,682608
70,Zacharia,Eite,Jxalezp,22/74/9733,762741
71,Calley,Whear,Oowhhps,06/53/9493,294462
72,Gino,Phettiplace,Potrjjf,22/48/5947,956806
73,Dinah,Kerner,Qwitrpm,74/77/2273,375740
74,Marlowe,Nollet,Tvfwofi,56/92/6353,698931
75,Parnell,Crosher,Nniiuja,85/42/0013,149360
76,Tammy,Mattinson,Qyiexuw,04/88/0838,965987
77,Loretta,Napolitano,Uluoahu,81/74/5165,656497
78,Scarlet,Penner,Zapkqce,95/13/3336,566253
79,Marley,Dadson,Ojkapaa,13/93/5913,342259
80,Cullin,Lickorish,Xicjzyx,95/65/4980,757936
81,Tiena,Gairdner,Sllejqv,09/44/5997,573282
82,Robbert,Laslett,Ywyjrbk,99/15/9285,274599
83,Gertrude,Nenci,Kkfadju,64/79/2396,762505
84,Drake,Yeldham,Zirqvpi,27/49/1052,544572
85,Shayna,Jostan,Iiuijxv,41/90/5674,664942
86,Sayre,Yakunikov,Cmjeioc,91/64/7362,540396
87,Edwina,Harland,Qvpdhcd,38/48/3533,926613
88,Cosette,Preuvost,Tnndvhf,08/64/1676,910986
89,Molly,Wigzell,Vuvqrgf,15/83/3640,884647
90,Rob,McEvay,Eoacszd,06/19/8599,527588
91,Nancey,Musto,Ahhfoyk,32/16/9661,335935
92,Gertrudis,Fullylove,Fhrnset,06/44/6567,726468
93,Kane,Duddy,Fwronfp,98/76/8423,138395
94,Brocky,Parkin,Ryxwzzn,56/71/3488,512436
95,Corty,Launder,Acsytyk,35/93/8085,759156
96,Isidor,Wibrow,Rbertti,53/11/1220,244286
97,Hali,Witson,Qvxxqgo,75/85/8514,852761
98,Harlan,Peschke,Mtbaple,41/28/8700,908686
99,Christoph,Myrick,Snbezit,27/67/0525,265907
100,Fleurette,Wederell,Vewddmw,04/65/5662,834142
101,Arvie,Ferrarotti,Igaoywd,12/97/6239,804179
102,Granville,Klus,Gnpewou,82/78/7559,753840
103,Nick,Belchem,Oiecnhe,30/98/1727,899318
104,Cale,Dufour,Zynxyyc,45/67/4012,308112
105,Bonny,Imrie,Hjvceuq,30/68/3911,553493
106,Kalila,Cowx,Lznxbvc,77/24/3843,138229
107,Sacha,Stopford,Upmqtch,19/43/5380,163406
108,Ivonne,Lehrian,Mcgogow,29/93/7973,902065
109,Hesther,Tennock,Htqqphj,65/60/5543,803622
110,Horacio,Rodear,Laouikj,74/54/1360,337613
111,Sal,Brahams,Mhycgoe,94/92/4875,466839
112,Carlie,Pyson,Jwoyjkj,15/93/4252,242781
113,Heinrik,Buddle,Geepbjg,16/57/0929,318780
114,Andrus,Regardsoe,Djzgdfd,63/16/2148,516538
115,Caressa,Klimkov,Npwaaeg,33/48/7548,836888
116,Matt,Mugg,Mxosncl,24/17/0904,856796
117,Meriel,Gauvain,Hfjtekm,07/04/0970,886114
118,Griffin,Harvard,Lzapkfc,21/37/1021,174672
119,Gonzalo,Hayhow,Vbfepyx,60/46/1707,391629
120,Niccolo,Mussolini,Uoxmhxh,07/16/0746,606752
121,Kimmi,Sidary,Swrdctj,01/64/8337,463494
122,Ola,Crossfield,Nhozznp,80/74/5332,124675
123,Leone,Drivers,Ufeosqh,22/41/2771,937001
124,Odele,Payfoot,Xhhmjpz,30/87/7594,162885
125,Samantha,Wallas,Hewnaln,48/92/9509,210674
126,Franciska,Bowness,Ryuaqla,76/95/5473,592060
127,Merle,Halfpenny,Jzfmjhe,57/17/0826,437427
128,Dani,Noyes,Kvetxuq,26/54/8875,211715
129,Vanda,Benfield,Jhmyhym,33/32/5478,779138
130,Gaby,Dunkerley,Fjaddbk,68/45/7360,679842
131,Artie,Vasyushkhin,Qxfanoa,30/68/2965,332890
132,Linoel,Mosedall,Nkcotch,58/09/8642,921907
133,Grange,Croston,Qfkarom,71/66/8783,819721
134,Jammie,Arbuckle,Uzrqovh,73/36/6057,265629
135,Winslow,Ohrt,Adiwxcj,07/18/5689,288395
136,Estell,Wheildon,Lezqhgc,17/44/3207,427078
137,Fayth,Lorenz,Unyssaf,42/50/0562,855681
138,Mead,Morfett,Tunohbz,62/47/8477,714629
139,Kristoforo,Figures,Vtjnxni,25/28/6041,255885
140,Tracie,Forward,Vfmmvgj,95/56/0364,497558
141,Maryl,Kelsell,Xsupzbb,70/92/2914,339922
142,Corey,Wollrauch,Hqswfrd,87/13/1634,130020
143,Ronnie,Dhenin,Ujwopnd,93/15/8069,775093
144,Rodolphe,Shuttell,Cibgjhm,94/08/8158,711908
145,Brose,McFadzean,Uvagpnk,85/04/6376,543293
146,Abby,Padrick,Qzdprnn,58/34/1061,170591
147,Olympie,Stainland,Jifntxo,69/88/3821,153924
148,Jilli,Fulle,Zgdrykk,72/72/9463,930921
149,Gilly,Reed,Xogluys,41/47/6894,457970
150,Venus,Garman,Lxqaifq,51/07/8687,332384
151,Tabina,Soffe,Sgjrajy,23/70/7825,790078
152,Andre,Okey,Dceegpb,32/53/2813,442313
153,Pate,Sappell,Pefkibt,33/64/2252,432325
154,Albie,Oehme,Jzqaqua,08/58/2908,745987
155,Vasily,Paffot,Flfhdwe,82/80/5785,517415
156,Lisa,Brumen,Nuheyzc,53/49/6308,918935
157,Viviene,Sarath,Earulmf,81/79/2110,547018
158,Rochella,Dowey,Micllyf,91/30/1221,462243
159,Christos,Clifft,Qkycmxu,24/96/6911,159842
160,Reuven,Dumphreys,Uczmafy,51/26/4920,942001
161,Maxwell,Matthews,Uredwnk,40/75/9023,672637
162,Garth,Milstead,Kvuqkdh,69/40/6694,875874
163,Honey,Chadney,Dddfmma,74/50/4261,435445
164,Jessee,Wickrath,Tclktoz,60/27/9476,852185
165,Andras,Ranyard,Vqllnlt,83/61/9281,922408
166,Dode,Drain,Nzatdcy,52/08/1356,927048
167,Darsey,Archbald,Tupslfk,84/54/4383,854807
168,Errick,Barneveld,Kjosmrt,48/01/6030,208492
169,Fleurette,Zottoli,Lrukizh,78/30/0289,595112
170,Scarface,Schuh,Tflxway,33/43/3793,528942
171,Salomone,Corradino,Njffgwk,30/72/5101,392492
172,Padraic,Hise,Zmcgtua,43/81/0496,399729
173,Lorinda,Hundy,Pontmiv,10/72/2747,540489
174,Olive,Terrington,Xupkebg,77/64/6981,624402
175,Ruggiero,Bradburn,Ejqlahq,36/85/0353,949695
176,Bridie,Bugge,Tpoysvv,35/19/2351,560706
177,Basile,Bardey,Bjwvvzd,68/94/5639,688434
178,Saloma,Astbery,Zjxwzbb,82/95/2009,360180
179,Derron,Border,Pqmyhiv,62/41/9652,509923
180,Teressa,Pygott,Vzfuufu,97/80/6489,580094
181,Regan,Ferri,Qzddlzy,38/51/2489,157476
182,Gerry,Heugle,Irejskw,88/35/2923,510492
183,Briano,Matula,Ewcxhyx,41/43/9132,673164
184,Davie,Dadge,Nqcijmm,82/52/2392,996235
185,Ev,Ofener,Gjsvldc,91/46/0902,598412
186,Emeline,Bishopp,Hwcixgd,47/96/4849,450795
187,Van,Bratten,Eoyvsew,53/52/1245,932404
188,Lock,Moston,Tsqupxd,66/14/1563,499314
189,Ricca,Giorgio,Vefkvog,34/20/7619,603617
190,Jedd,Renzullo,Bciperu,88/68/1246,998905
191,Janis,Daffern,Ikimtxj,32/06/2127,496772
192,Templeton,Rangall,Ftxwmwk,36/27/3285,972816
193,Kariotta,Eason,Dvtupnw,96/57/6151,621129
194,Nessy,Kemwal,Asxwbuv,71/42/7975,441293
195,Marys,Chasney,Ukashio,66/76/2186,910301
196,Inigo,Asipenko,Mhtwref,27/86/3888,731549
197,Nolie,Fronzek,Bfnwjby,26/81/4289,669340
198,Adena,Ghidoli,Gyspzsj,86/62/7008,252445
199,Ossie,Hearl,Esnpuql,74/82/8698,502401
200,Sephira,Sankey,Bmyrhcw,81/37/1591,242410
201,Benedetta,Ricardon,Cbvqkye,43/09/4460,974355
202,Juliana,Mothersdale,Tduccpj,97/42/5462,651475
203,Linette,Croll,Kbgcsjr,48/74/9428,978327
204,Vance,Bilham,Aksmzhz,89/70/3603,935539
205,Evin,Ellard,Uriscfj,19/28/6439,554704
206,Lilli,Johanning,Lqwmlnt,54/08/2049,323032
207,Boonie,Baumber,Mseofeb,03/96/6394,106396
208,Paige,Kinsman,Rrfpumf,04/85/9232,167008
209,Crin,Showler,Ufnjjou,12/47/6999,666671
210,Udale,Trusler,Mrbrhjw,81/73/4328,789769
211,Jeralee,Preskett,Effqvcy,06/35/7616,775655
212,Annaliese,Lante,Umcfiys,22/37/5363,692486
213,Parker,Petrusch,Nwzouls,41/69/5244,934200
214,Juliane,Sperrett,Pomzrab,79/07/0460,787581
215,Prentice,Nairy,Nftvuad,91/05/4320,162316
216,Ivie,Ebbitt,Qmowxzo,07/27/0406,230327
217,Aurel,Baynham,Uijtwsb,46/02/7535,858348
218,Tad,Balser,Zcjeqrb,86/80/3252,734581
219,Nona,Mussotti,Bwcxkaw,80/18/0166,646164
220,Susi,Briddle,Shaazqu,86/33/9251,665261
221,Theodosia,Francombe,Irigevq,59/10/8818,726562
222,Heida,Cowland,Thrdqje,64/29/5369,563797
223,Brooks,Arnhold,Hwqqott,22/10/5288,823897
224,Flint,Morratt,Jqzbrca,53/86/0062,852344
225,Arleen,Estevez,Eqwtlid,51/34/9776,149974
226,Carlin,Paterno,Dbdlqrq,53/73/3880,770967
227,Iormina,Lias,Lcnkfip,81/93/1355,734841
228,Merline,Esterbrook,Omcxavw,15/43/5623,731323
229,Thatch,Koopman,Pyssndr,06/97/3178,458361
230,Kipp,Aldham,Mqpdkma,61/15/2797,851790
231,Kalvin,Elsay,Biuyrae,07/36/9060,354104
232,Marilin,Dicte,Heksquy,24/52/6169,460244
233,Miof mela,Wroath,Xlfgmbj,14/04/6751,404243
234,Katine,Bax,Fdlhjwt,18/73/7944,106416
235,Leila,Chaize,Lloqiqp,28/05/5970,587553
236,Neil,Sirett,Pwknmim,10/08/4396,768277
237,Bobbette,Regenhardt,Dzvjtdd,94/06/9695,989626
238,Hyacinth,Cheeseman,Ijbevsh,44/32/5565,583279
239,Cheri,Layfield,Ttnsjwi,36/90/5299,969630
240,Gwenneth,Longbothom,Pptadop,77/77/5623,468704
241,Norton,Balazin,Xxsncon,15/08/4576,408868
242,Marta,Delhanty,Zaqpcoa,05/04/8259,946350
243,Tanya,Loveman,Hvzhilm,44/90/4347,199364
244,Helga,Caudrelier,Ywlbeuu,39/53/4326,440125
245,Carry,Martynov,Tydtygc,16/86/3404,252352
246,Nelia,Sallinger,Ejuydfi,25/57/3669,428036
247,Jerry,Benfield,Vxhfbmn,34/33/8320,586552
248,Cointon,Blundan,Qyizkgt,38/52/1266,635582
249,Carlo,McIlherran,Ekntymi,49/69/7850,221736
250,Piper,Zamboniari,Gjjpfgr,14/15/9969,595817
251,Madelon,Baudet,Rddobwr,42/71/7278,621573
252,Holli,Linfitt,Vrbodzq,62/47/1342,849161
253,Bobina,De Bischop,Gmkkvky,91/77/9116,201327
254,Johnny,Ashurst,Mjptjek,99/30/8866,374194
255,Tarah,Fromont,Elwryca,34/30/1013,492803
256,Tatiana,Wattins,Wcjtvdv,32/95/4952,684448
257,Cherie,McGreay,Xemjsrk,89/91/4734,666998
258,Freddie,Grafhom,Dtmlnvh,74/20/8975,857065
259,Rodrique,Seywood,Iqkagmu,80/76/1326,184539
260,Nora,Pinock,Ezwtorm,57/51/1682,667651
261,Meridel,Mangan,Aqdtonk,67/54/4394,652302
262,Parsifal,Lynnitt,Dzyscel,16/12/6738,394815
263,Glynda,Silveston,Xrqlqxe,46/59/5325,343670
264,Thornie,Thurbon,Nnawlzs,28/32/7628,494923
265,Noe,Redmore,Attcmhc,13/79/3154,564587
266,Ansley,Denerley,Utrbnra,02/39/5306,632941
267,Remington,Ledbury,Nwuhfik,81/38/4801,564444
268,Rosita,Teligin,Mlcuvda,25/92/9083,956268
269,Tyson,Luckes,Wmgdstd,39/16/6159,895140
270,Jacynth,Hain,Anjrapp,24/05/5086,469886
271,Emmott,Beecheno,Tckvwfs,76/17/5656,694406
272,Allayne,MacAndrew,Lqxbkfp,84/88/5970,280799
273,Griffith,Mawson,Isfdqgo,88/96/7581,795269
274,Pierre,Milillo,Sboinzv,10/64/4245,477477
275,Sebastian,Thrush,Eslqaeb,59/70/4008,508088
276,Ursola,Laverick,Fgpojmd,20/51/4228,881764
277,Linn,Stockney,Ueimufs,61/71/9050,541846
278,Elna,Melendez,Dltsiqf,21/21/3022,649494
279,Avis,Taylour,Dofmevj,44/06/0597,172915
280,Marrilee,McTaggart,Ixsrslc,82/48/7640,986433
281,Zita,Weaving,Kmlslnz,14/12/8347,673807
282,Nehemiah,Cettell,Sjxfvhm,61/07/9469,267323
283,Spike,Lindeman,Hypkbei,40/01/8185,130407
284,Nessy,Huckstepp,Jteajxh,56/36/4272,272267
285,Marjory,Withers,Uvymyfw,87/21/1956,728117
286,Dael,Caskie,Lkqsmxk,98/21/2101,112396
287,Orsa,Duxbury,Xzsybbv,18/93/0028,430971
288,Elvina,Swindlehurst,Vouaxbd,41/86/4339,128486
289,Berenice,Wardhaw,Gsgioli,69/02/2681,618818
290,Chuck,Mincher,Tfdcceh,24/09/1213,826527
291,Karie,D'Costa,Jgteqoo,49/65/0296,517659
292,Cacilia,Chimienti,Gsmkyhz,82/61/6100,784531
293,Gertie,Tuhy,Nkumdvx,43/75/8136,315583
294,Trenton,Farnfield,Zvxhnmm,60/22/8665,592103
295,Georgeanna,Jenney,Xhogxyr,39/06/7189,234843
296,Milissent,Camber,Wftmhcj,76/42/2032,690391
297,Brook,MacCurley,Zurcfmm,23/18/7507,625383
298,Alisun,Remirez,Wjvjwew,84/24/4329,561935
299,Thorn,Guppie,Tegrqzd,37/70/4964,291769
300,Emmalyn,Stefanovic,Aokaysz,14/16/8952,435862
301,Brynn,Endicott,Brixqdb,49/80/8680,962136
302,Rora,Wilshaw,Edquxss,86/18/4921,735891
303,Janina,Stubbington,Vwipnxq,43/33/1996,603892
304,Darwin,Gillice,Ixrfesh,58/40/0922,479889
305,Genevra,McDool,Jerjftv,74/03/5348,131267
306,Irving,Vardey,Arnjzjq,98/11/5320,722181
307,Tuesday,Peckett,Ibbhgrr,03/01/0575,513939
308,Stu,Holcroft,Zgzujqv,24/70/8405,826181
309,Vail,Stopp,Vmnewdm,16/71/0559,827032
310,Pieter,Wolfendale,Yhfjeci,91/03/1279,294398
311,Trev,McRuvie,Grdpejt,45/56/0433,957942
312,Heath,Roberti,Hhifxhx,83/58/0616,126466
313,Dmitri,Wallhead,Wvjrzfn,08/21/8485,556586
314,Fey,Stace,Nsewwlm,31/99/6392,529205
315,Katherine,Sangwine,Mvidpjw,91/60/7757,358087
316,Greggory,Alner,Caxslov,02/78/7903,388671
317,Ker,Bernier,Avtfemg,33/96/4545,743774
318,Tucky,Dungey,Kkwrrbq,42/54/4370,765323
319,Aaren,Townrow,Bppsoqm,97/55/5660,879614
320,Kelcey,Jupe,Ojdskca,89/47/7309,412535
321,Elston,Digance,Rpdowke,65/26/8952,813400
322,Abbey,Depper,Eioxfbd,73/12/8488,649359
323,Lauri,Piddocke,Edhgoch,24/97/2638,601863
324,Hermie,Shillum,Ogkojxg,15/58/5699,803874
325,Joletta,Polson,Eytysjj,81/83/5486,899306
326,Gina,Duchatel,Pmhvnhv,57/53/9808,544191
327,Concordia,Keasey,Tdxyzas,26/65/2685,730951
328,Asia,Lidgett,Vmuekhm,46/47/7937,597785
329,Parrnell,Hutable,Bpempxx,59/79/7015,828431
330,Osbourne,Mosby,Xqpbobf,08/23/2314,248062
331,Hiram,Levesley,Xeellvy,44/78/3862,327674
332,Bevan,Duplan,Vncaugq,83/86/6107,152166
333,Susan,Taillard,Znfhvhm,01/24/9588,995454
334,Laurie,Soames,Jgoudbf,88/39/3117,628833
335,Emile,Eccleshare,Ddpddbd,83/01/3040,183266
336,Orlan,Goodered,Fvthgqr,25/05/9959,842738
337,Shaughn,Fitzjohn,Yqxtlab,04/17/4675,944237
338,Margot,Sandle,Ytuzsmb,39/92/8306,461397
339,Imogen,Samter,Fogqipn,53/14/9524,205296
340,Anjanette,Kiltie,Zurreij,73/39/3972,406976
341,Prisca,Oertzen,Rdtrgup,12/63/5356,982977
342,Martguerita,Storkes,Ssqugev,79/61/3999,575276
343,Jamaal,Shmyr,Ukxrler,05/92/4594,599572
344,Fransisco,Yonnie,Lovjdlv,81/27/0695,855946
345,Brien,Fayerman,Lphfgym,57/96/7773,227501
346,Stern,Marchbank,Nqtllwn,80/15/7129,332350
347,Aviva,Blakesley,Gzhzptm,79/87/1279,615789
348,Elspeth,Callingham,Qtwlfhd,98/12/2188,328644
349,Reggie,Donovan,Xeihjag,97/10/3822,893377
350,Culley,Galvin,Byvxocz,76/63/8366,802202
351,Fraze,Gilli,Ujmfbfw,77/03/0268,319867
352,Barnaby,Marzello,Ytgshvu,04/80/7944,921985
353,Dacia,O'Kinneally,Iyiaoor,64/73/1643,564945
354,Marie-jeanne,Lown,Wosiymw,50/45/4938,154681
355,Corella,Anthonsen,Xweszwg,58/25/6684,940941
356,Tomi,Devennie,Zqwzopr,11/92/6506,200420
357,Goldie,Monro,Czkzerh,22/47/0607,371854
358,Persis,Surgener,Fhslggz,14/33/8191,532764
359,La verne,Featherstonhaugh,Riwftas,78/73/5309,473657
360,Denni,Hazleton,Cyrqzhh,14/38/8423,912663
361,Price,Brilleman,Oggdztb,51/42/5471,757033
362,Jeanne,Galler,Bjzxjyq,20/00/9226,402794
363,Linell,Cardinal,Fwirmfu,89/64/2582,726173
364,Emyle,Gilbard,Djolhes,33/71/2816,693878
365,Goldina,Cansdell,Qwqzdsd,86/44/3665,634188
366,Nara,Maulden,Rnknsok,65/66/7408,897075
367,Ingaborg,Mark,Izljlnh,38/20/5589,345287
368,Jarib,Haglington,Ktvrsdc,32/22/1774,566564
369,Gladys,O'Rourke,Brabklq,54/50/5189,183863
370,Kendricks,Wolffers,Cmlfzrp,39/72/6388,539850
371,Marci,Morley,Rnfgxnk,66/26/2924,172182
372,Cobbie,Fenna,Kwgbhtq,76/87/8355,134868
373,Gav,Christofle,Enaxjau,01/63/1789,837734
374,Auguste,Motto,Esjkrxp,51/29/3436,971118
375,Giulietta,Hazeley,Bqhahkn,06/01/2226,946775
376,Ana,Sigsworth,Jfmihad,13/10/6172,624151
377,Candice,Johansson,Nfmjaam,42/83/2318,587842
378,Sauncho,Dowthwaite,Gbfafps,69/06/8498,980020
379,Laurena,Searle,Bhnxksz,78/00/2944,333692
380,Enoch,Kerwood,Htoxsrl,88/23/2311,368248
381,Chadwick,Papez,Cgcjlqu,65/96/2801,293769
382,Sigmund,Effemy,Smnctim,43/60/6285,610634
383,Adriena,Snoad,Tgphyjo,35/44/8974,443051
384,Hinda,Aasaf,Bxawcsq,30/56/0078,496510
385,Kaylil,Diem,Eghvodl,26/63/2432,513104
386,Karita,Kliemann,Wxuovcb,04/40/4302,425043
387,Warner,Livard,Kepdxuq,35/60/3892,254072
388,Dosi,Billam,Jffvcje,02/98/8184,708624
389,Devin,Bernardino,Qlgupak,84/57/1691,651591
390,Skyler,Ashmore,Jmomhme,74/06/2029,272444
391,Philly,Brayson,Upgmpxf,63/32/0204,859413
392,Binny,Botten,Hqbswrn,89/01/1718,793697
393,Emmalee,Greenin,Wdhnuir,94/79/4884,827127
394,Rozanne,Shuard,Ryzrxlp,43/17/6226,828720
395,Kariotta,Petrashov,Fvvmddy,60/25/3173,469089
396,Garfield,Nacey,Gcmrrwn,69/52/2455,672005
397,Jobyna,Roget,Yzfaluu,07/99/4528,718956
398,Marsh,Duxbarry,Njzuvnz,54/74/6188,111821
399,Juliann,Gasken,Jjzyzmj,78/51/3353,790730
400,Hamnet,Blackford,Ifxqort,03/72/0635,357856
401,Chevy,MacAlpin,Llxbgbu,43/93/4577,123268
402,Farrell,Spata,Dzeaosu,87/67/1042,845002
403,Cort,Lorentz,Uwgyzas,79/51/7610,719691
404,Sybille,Wickson,Gmluhsx,46/26/8627,150542
405,Lion,Von Brook,Juqqnix,90/80/6332,549388
406,Jarrid,Hambrook,Plreoar,93/59/3244,933676
407,Boy,Tiesman,Yczjlmd,29/58/8232,347497
408,Demott,Vasyutochkin,Jypphct,77/49/3815,347755
409,Simon,Fagg,Acyheuv,62/68/9814,731566
410,Lynnelle,Berggren,Ryefxvx,60/53/6380,580088
411,Palm,McCool,Luuvggj,01/98/0405,820020
412,Fulvia,Casement,Idnombn,17/07/6315,806656
413,Chloette,Charters,Utdcsnk,96/07/4909,667954
414,Francyne,Ciccottio,Qfmlhza,76/33/2811,597001
415,Gwenore,McPhillimey,Kvlckko,98/29/0840,506921
416,Vin,MacNess,Hxkoqso,19/75/4440,873549
417,Sammy,Opdenort,Zoembep,75/25/7320,168271
418,Eloise,Lumber,Ghynklw,30/93/0634,485659
419,Leese,Rizzardini,Eyakrhh,30/33/5737,976311
420,Pam,Mecozzi,Tmsrxpl,81/22/0014,505262
421,Artair,Weyman,Tfqppbx,79/51/8638,746173
422,Costanza,Pettican,Iaxxkmf,05/46/0900,862431
423,Sigfrid,Liptrot,Tsmdkvh,50/27/8108,284683
424,Katee,Andrault,Fylkuoo,53/33/4581,764948
425,Ivie,Foyle,Wjkygqb,38/84/4577,824726
426,Evvy,Given,Cnvdxay,05/86/6988,691824
427,Hermione,Hawkes,Owdrfgg,41/08/3760,907745
428,Riva,McNuff,Oyyipio,43/51/2953,103969
429,Elysha,Goathrop,Ufbryws,33/16/2716,578337
430,Fredrika,Piecha,Ubvjmlt,48/73/7556,761915
431,Gaby,Fidell,Xqjvlsa,98/35/7215,545585
432,May,Fritter,Vmjmcby,91/19/3278,412277
433,Clementia,Kelle,Jskkkym,11/10/2365,196745
434,Marylinda,Dunthorn,Izkkxmp,37/50/8911,703878
435,Elfrieda,Ledgeway,Lxqcxqd,03/03/1093,600169
436,Barnabe,Markson,Ucdphhg,06/05/8697,984986
437,Agnola,Martelet,Ppjopzn,86/07/6111,506586
438,Mordy,Dutteridge,Afztlxx,42/56/1594,642003
439,Harriet,Mompesson,Mczgdsr,36/97/0004,349730
440,Sari,Nevin,Unizefy,12/43/6412,254247
441,Faber,Altoft,Ewetmkq,53/90/7838,487095
442,Lanni,Flye,Wsmrufz,55/95/5663,289923
443,Sibley,Michurin,Pzsyzgw,71/61/4356,498103
444,Isabella,Leppard,Vkpbtdb,55/35/6366,701225
445,Hewie,Maps,Ptciamg,61/34/5864,519292
446,Barbe,Lepper,Alsyycp,99/11/0338,637213
447,Virgilio,Tirrey,Iolknxz,82/00/9244,429450
448,Thorvald,Maffiotti,Kjlmxtu,59/07/3611,530963
449,Dudley,Andreichik,Xrxrebx,44/34/0550,142969
450,Athena,Hatchette,Sbnmoyv,95/96/1513,859337
451,Tiffie,Antonioni,Ovqghvo,59/35/7952,271907
452,Aeriell,Chatain,Mutomtb,24/89/0617,434886
453,Sonnie,Barringer,Zfrezof,94/31/4485,651181
454,Constanta,Errowe,Uridaph,98/09/3997,326907
455,Kean,Brimm,Udvsfvs,44/53/1550,969416
456,Aguie,Brehat,Wpavqkl,38/48/0777,568036
457,Filide,Vernay,Pyxwrhw,09/62/6300,323137
458,Perle,Alishoner,Edrqryr,33/88/7289,141468
459,Orson,Krinks,Ufvisvx,59/77/6632,308579
460,Cynthia,Kubanek,Hzslywm,49/14/9795,897661
461,Chastity,Dauncey,Djxkuqx,88/88/0987,129826
462,Perceval,Nyssen,Lzvmvyo,75/69/2938,989784
463,Briggs,Dunster,Sizzlsd,40/46/5395,106495
464,Marinna,Meineking,Uupdmeh,22/38/7313,133278
465,Bettye,Wilby,Eumeunc,52/89/7010,955052
466,Nollie,Temprell,Uxxxuzi,54/89/7346,154811
467,Lisle,Golby,Cvdgnmn,64/59/8434,991600
468,Conn,Branca,Diybrgr,86/68/4056,871411
469,Iggy,Cobello,Paadqim,43/93/6730,975592
470,Joey,Cisco,Fuxvxlh,76/60/4468,138897
471,Gris,Kilgallon,Ykmjsqd,49/41/8459,664090
472,Nydia,Huzzey,Poxwxpu,88/94/5213,210318
473,Brewster,Langton,Bxpbgfs,08/35/6085,557919
474,Brunhilda,Aucourte,Bttbagf,52/85/5627,323500
475,Duncan,Cayzer,Fxsfjpr,16/39/0468,311293
476,Jed,Izachik,Kpbygji,19/69/4800,769691
477,Collen,Osbourn,Gjhhnxi,79/49/4528,369769
478,Arlene,Lummus,Wejkavg,14/14/4640,710214
479,Kaiser,Lemmertz,Dgxmdqh,12/70/3038,107568
480,Nollie,Giacubo,Ntkvnsr,38/81/9824,369067
481,Zonda,Cripps,Oxkjpvu,91/67/9102,250201
482,Rhonda,Flieger,Fnkhnup,90/52/1743,279181
483,Murvyn,Nias,Tzybftc,89/45/7602,643082
484,Tonnie,Pixton,Btepkzi,24/66/7764,539524
485,Devonne,Lain,Jzqittr,09/13/4536,688701
486,Neel,Lambard,Zsyhtfv,73/81/5914,298995
487,Bernardine,Pie,Vcdkudk,97/28/0983,110344
488,Orton,MacTrustie,Zetyktg,38/79/8383,295634
489,Michaela,Ipsley,Cbfzmaq,61/68/4283,375953
490,Nicolette,Wharf,Txgxrpx,99/52/9628,500551
491,Verge,Shillingford,Xmokazt,19/19/5018,959581
492,Harcourt,Smaling,Fpetqwi,94/93/7295,275522
493,Jules,Verrills,Dhvjrxp,98/75/7579,660395
494,Filippa,Trewett,Owqnnac,65/06/1322,820326
495,Zebulen,Allport,Kxpodxq,08/29/2471,275259
496,Tiler,Fattori,Qjaqyug,43/26/2152,333908
497,Starlene,Brecken,Iocebrq,63/12/1640,671837
498,Rufus,Fullun,Tycwbyi,16/87/5879,910923
499,Dorine,Toby,Eujmcmt,69/92/8518,791952
500,Neall,Stive,Osauawf,12/86/8092,906308
501,Hadley,Onions,Urcnnuw,73/36/5457,903506
502,Aryn,Jeste,Owhoznn,87/79/9993,726571
503,Yevette,Edinburough,Kpksytt,72/91/2290,729970
504,Gunar,Thorneloe,Dxxebzx,95/54/2378,950399
505,Leontyne,Tight,Chnndpf,71/34/7664,811008
506,Sibylle,Shadfourth,Xcujnev,73/84/1621,187940
507,Finley,Legate,Xquigwt,98/03/3736,296852
508,Alvie,Shea,Husnogk,91/98/6604,910022
509,Alicia,Honeywood,Wckniqd,84/20/4010,485540
510,Adler,Dunn,Vjmqfoz,65/75/4658,244873
511,Amandie,Schleicher,Iblnadh,57/91/9331,840170
512,Cesya,Lesper,Ojriabc,63/79/3848,139051
513,Tim,Klemps,Uqkbfxs,48/12/1631,594163
514,Alanna,Varden,Bricjxf,48/55/0324,219391
515,Galen,Chatenet,Sosiwzn,10/15/4830,907953
516,Melisandra,Jansen,Sjxcicz,09/17/3987,219703
517,Darin,Salzburg,Lirvavb,78/00/0668,980223
518,Cornela,Roughey,Sahdzmc,62/24/5551,519646
519,Lorain,Icke,Nzajizw,91/84/2479,487327
520,Irena,Makinson,Vabdouc,03/49/8524,933797
521,Kahaleel,Tante,Zmpeboq,25/74/1783,555903
522,Johannes,Van T'Hoog,Hlnfsgx,10/31/8028,671473
523,Mariel,Rizzillo,Twzbkuy,01/29/5923,404581
524,Alleyn,Bolding,Zpfbbrr,22/97/5381,227210
525,Carolan,Saura,Xondlba,08/55/2538,148465
526,Smitty,Gon,Mqyoymr,65/01/5621,532425
527,Palm,Geraldo,Ocpmlus,52/58/3363,178097
528,Lotte,Karlsson,Hutzldj,78/11/1742,306167
529,Flossie,Oertzen,Uhsmeub,80/69/2866,893889
530,Tracy,Locksley,Omkiklc,79/89/1547,271936
531,Stephanie,Arkley,Vpqxwdg,09/29/0312,254059
532,Rancell,Attarge,Dgvdkul,04/23/3252,772884
533,Lisette,Boulde,Oshchbk,50/07/4772,216684
534,Opal,OIlier,Xntlkdp,65/58/7020,877995
535,Brion,Hazell,Lmxsaaz,89/49/3920,635998
536,Peggi,Wileman,Jbfelkk,09/26/8255,204054
537,Kristian,Bickerstaffe,Xiicrkq,62/34/0987,223375
538,Brand,Ivannikov,Bwpyutj,75/69/3448,727884
539,Gardner,Spurdon,Xevqnwm,30/49/0068,862511
540,Myrah,Deverille,Huzmiip,09/61/4839,228728
541,Sara-ann,Tabourel,Ktmgbpv,24/38/5129,667237
542,Dagmar,Mangam,Favgsyh,87/89/2441,545585
543,Ambrosius,Keddie,Pmetbdv,36/97/1381,961087
544,Blancha,Winchcum,Oewgyof,83/13/4290,471742
545,Violetta,Flode,Uvrmwek,72/22/0973,367925
546,Andy,Collocott,Wmbkbww,23/14/0925,995618
547,Brooke,Hanselmann,Zpqsxxb,77/05/6894,255673
548,Skelly,Throssell,Ozoclbc,16/66/1521,378897
549,Micky,Tissiman,Gncfake,41/57/3542,254586
550,Siouxie,Kevane,Nozqofe,69/23/4166,859862
551,Gabriel,Moen,Kbypsgo,44/01/1472,119819
552,Raf,Ennever,Bbjtxtu,20/93/4707,470540
553,Debbi,Colebrook,Umgmoqs,91/40/0792,172813
554,Clemence,Capron,Booohjz,54/56/8386,242713
555,Hendrick,Dayley,Jgcqmoy,33/08/9192,560958
556,Nikkie,Filipchikov,Tyybepx,53/87/1315,150996
557,Rhett,Reucastle,Xamkbtq,19/13/8384,163013
558,Cybil,Kencott,Wbtspod,21/16/8778,825753
559,Elvin,Steers,Fxqdufe,89/06/7180,158122
560,Clary,Doubleday,Smqhxoo,07/45/1448,990637
561,Zonnya,Hannigane,Qtdezhq,44/53/3243,609546
562,Hedvig,Bertram,Zktddwl,58/44/0124,211830
563,Tobe,Bernini,Qqwihlx,51/29/9248,787497
564,Jdavie,Philpott,Kpcelcj,02/28/3412,793113
565,Aura,Abele,Uibiihp,34/85/3165,123275
566,Silva,Sant,Ltygbcs,14/64/9775,465582
567,Dorry,Bowerbank,Xpqsfei,86/55/9611,251534
568,Alyda,Schutte,Cqshtib,79/89/5359,882240
569,Chastity,Worms,Bpjqwpg,46/79/8110,753822
570,Sybyl,Skipp,Lcgpjdt,86/58/5110,386077
571,Diandra,Leadstone,Mdaurgq,32/61/8275,934827
572,Effie,Osbourn,Uaclmkc,33/61/7226,805609
573,Angela,Turville,Keukptm,81/25/5338,959624
574,Marcie,Sergant,Szzgzuk,41/25/5278,438887
575,Von,Druce,Jiqvapk,01/54/5753,983117
576,Casie,Sylvester,Mwhwphq,59/44/8436,385822
577,Rosamond,Megroff,Xjlwyro,32/55/7240,548985
578,Kerrie,Kilgour,Umuehoy,62/19/6698,188753
579,Virge,Fisbey,Eanbuez,23/75/6557,214296
580,Georgy,Faldoe,Pnqmxmh,71/86/4260,582422
581,Lesley,Tyt,Exkvlua,49/35/4038,752016
582,Gladys,O'Dooghaine,Dsbpgzs,38/22/1240,712504
583,Berne,Dall,Eqmswgj,23/48/5338,330421
584,Kylie,Callcott,Cfbdgbv,16/43/3030,615835
585,Cassandry,Henker,Wgnhope,17/37/6742,472029
586,Mathilde,Voak,Iyfndua,75/12/6376,722333
587,Antonietta,Crocken,Ivefoit,27/25/2132,209681
588,Angy,Fischer,Ionbhmw,66/15/0932,249621
589,Frederik,Neame,Knqwrru,75/22/2582,434333
590,Berny,Haliburn,Kdeenjl,56/19/3056,416046
591,Agnesse,Witz,Uhdlarr,67/01/0121,355752
592,Kylila,Gryglewski,Epfzgku,84/78/2394,204566
593,Gerhard,Beverage,Rtvivfl,53/29/4911,111467
594,Melva,Duckers,Chsixsg,13/56/9006,694693
595,Willabella,Dollimore,Nnxvlmq,40/05/9429,433481
596,Gray,Mapston,Dfuduow,78/83/4258,962653
597,Isabelle,Wanklin,Joofwer,44/89/6492,899486
598,Becca,Micklewicz,Jofxlet,54/18/0992,631467
599,Minette,Fincham,Qquzkeq,92/89/6745,350385
600,Gert,Porritt,Utwmkyh,14/77/0434,191605
601,Brnaby,Alejandro,Qxjwqnx,31/81/2351,273305
602,Matthew,Pink,Wgrdkmx,44/83/3851,763314
603,Rab,Brookwell,Gibzgzo,78/59/3625,439066
604,Lyn,Kelemen,Dhcaumo,55/56/5146,354991
605,Emlyn,Fey,Yjlbreu,99/11/9191,959492
606,Janifer,Petrou,Xjpjfid,55/61/1269,423161
607,Westbrooke,Mothersdale,Wjsbhez,10/08/7715,343698
608,Georgy,Rubenov,Zjdfgrr,14/77/2497,805991
609,Luz,Beckitt,Nbwkqsd,05/43/6530,395225
610,Katrine,Fysh,Mvuongz,01/35/8202,750287
611,Lily,Mahon,Kfgkybc,73/72/8997,709593
612,Hallie,Trevethan,Gursoqi,85/22/1859,631038
613,Lana,Bollin,Dadgvyl,39/45/0297,318321
614,Gardy,O'Teague,Uckkyvk,72/30/5979,659892
615,Sonnie,Kardos-Stowe,Hnekrso,11/45/5185,348497
616,Bridie,Ogelsby,Lonsksh,27/01/2307,229487
617,Gregorius,Pallant,Jckbgwz,92/55/9978,754759
618,Tania,Buglar,Zuphhjy,83/63/1059,257521
619,Base,Meriguet,Whezgnr,91/01/6007,759716
620,Kacy,Spyvye,Qwnmukq,58/39/3495,217792
621,Melody,Carmel,Ggfyooz,29/49/7106,187756
622,Dasi,Sturm,Qgzconr,45/51/5886,349541
623,Rudolph,Skamal,Klobczx,50/17/6584,811431
624,Elvira,Groves,Mxnryfr,61/01/5764,800214
625,Ray,Hurdedge,Hqypnse,76/05/7036,545989
626,Mickey,Magowan,Nuwvnqg,89/91/6237,241767
627,Ade,Vivien,Svnppnz,25/70/6125,625990
628,Ruthy,Rollinshaw,Wipajru,59/66/7410,710345
629,Astrix,Trimmell,Jlmrcnz,65/36/3155,519144
630,Ario,Corragan,Tyaweiu,61/11/1543,914812
631,Vanni,Gilstoun,Cggnuyn,55/29/8352,895084
632,Caroline,Isenor,Kqbboec,46/66/8023,951547
633,Phillie,Carver,Odukcbk,60/54/3790,190206
634,Kerk,Trayford,Rfpwoxh,50/48/6213,650667
635,Herold,Mathison,Flaccbz,38/40/4635,402270
636,Rhonda,Stinchcombe,Gqvgzmq,79/00/4661,836293
637,Tiebold,Gaskamp,Rzutmpo,85/60/4160,470684
638,Bartholomeo,Habgood,Iocvkgw,27/78/2528,284677
639,Chic,Cleminshaw,Hcehunx,93/39/9033,764541
640,Daron,Alesi,Ohvkzaj,12/70/7956,345660
641,Donaugh,Vigietti,Wkzlsky,22/83/5366,693345
642,Siegfried,Mandrey,Rtyzuhx,19/53/7138,222923
643,Barrie,Siene,Ecgtyyd,66/11/9821,952048
644,Gabriel,Frost,Dgbjlif,54/23/3564,673006
645,Thorny,Dougher,Vnssvgy,02/36/7768,662777
646,Chev,Shemelt,Itguato,55/82/8295,992310
647,Avrom,Blethin,Oxymtnm,42/46/2571,255494
648,Darla,Whieldon,Wawftov,11/25/2580,971660
649,Homer,Sedgemond,Drgdwqb,95/23/6166,789930
650,Quent,Pollastrone,Koltqds,44/32/3933,735504
651,Rowan,Kaminski,Pshtncy,35/17/3032,304220
652,Charla,Geaney,Pnbjnpx,69/91/7940,912154
653,Munroe,Tebbett,Eyxdbio,91/62/5841,786361
654,Marita,Crossgrove,Zaducqw,74/29/2436,900090
655,Salome,Cramb,Mzdawlg,02/17/7813,545136
656,Torr,Gavan,Mngyyby,63/53/0637,425605
657,Dolley,Olexa,Uxlzhub,53/28/5449,191658
658,Mamie,Matyashev,Cwlspjf,86/33/9383,835580
659,Abbie,Cutbirth,Oqxwhnj,71/16/4356,539580
660,Ange,Duhig,Alchlyu,66/49/3653,236662
661,Garth,Tantum,Krjdkig,91/46/0999,815567
662,Aldric,Pedycan,Ccxmstf,70/26/5881,778202
663,Flori,Di Maria,Gagnhbv,17/94/6166,768995
664,Haleigh,McCamish,Jfsscyv,23/14/0653,393730
665,Paola,Emps,Yhqxlfm,64/67/3789,537024
666,Kristofor,Burstowe,Xptbssj,56/35/8846,237383
667,Pippa,Glasser,Xtkchum,37/75/7577,296884
668,Fania,Pebworth,Fwefcpk,83/11/4732,151770
669,Engracia,Rivaland,Jklzsxb,80/98/8593,185650
670,Flem,Ackwood,Tstndwy,03/26/4256,841264
671,Iona,Bigby,Exbxbry,58/46/4905,628307
672,Verna,Eskriett,Zqwbnws,94/86/5254,818451
673,Bordy,Shorthouse,Whavraq,21/68/8538,220541
674,Inge,Gallimore,Bfjqabe,79/06/5978,771843
675,Krispin,Ahmed,Vqsqyqp,90/34/3040,534840
676,Fairleigh,Copperwaite,Yxxeqhn,52/90/2996,282662
677,Sawyere,Aimson,Nfytkug,39/51/8562,337936
678,Yettie,Levings,Zwwwjzb,28/61/6040,968786
679,Marice,Thrustle,Wqfpkvg,24/13/5596,125659
680,Lynelle,Haley,Lwxxhle,96/92/3455,434138
681,Eran,Dorsey,Gedzznj,28/83/2775,728497
682,Irma,Borne,Ncussbt,10/27/7810,295265
683,Huberto,Skeels,Swlxcjd,14/20/9648,792667
684,Shadow,Sore,Gccvynr,21/52/2045,337467
685,Lewiss,Isoldi,Fngtxbp,59/70/2755,723388
686,Neddie,Melwall,Iuunlql,95/90/0782,516639
687,Skipper,Laba,Xasmgto,65/56/8028,732120
688,Angelia,Drache,Syudnag,10/18/7681,350089
689,Lazar,Checkley,Vgfnddl,14/46/7913,467789
690,Jase,Osburn,Rtakpof,10/78/9445,102237
691,Kary,Menico,Ulymifc,70/55/3020,247676
692,Maritsa,Yole,Vgfmwmk,50/07/2343,735064
693,Alfonse,Zorzini,Kceomim,09/89/7980,685627
694,Stephanie,Janacek,Znymxjl,59/99/6306,372624
695,Morie,Delgaty,Snglfhb,06/35/3057,181740
696,Casi,Zoanetti,Muhryxk,87/73/4252,876561
697,Adrian,Larwood,Euwkmwh,62/11/1943,574094
698,Nathanil,Kilgrew,Mingiok,22/65/3821,223429
699,Belia,Chicchelli,Zngxtdx,27/48/2792,784276
700,Kendrick,MacTrustey,Kcnnnms,28/29/5862,236052
701,Elwood,Bows,Ixaasqn,55/64/6574,302057
702,Minetta,McLarens,Hymeirl,86/13/1656,533995
703,Helenelizabeth,Biskupski,Iqnrxzx,53/02/2617,532187
704,Pascale,Audrey,Orbojun,44/34/7172,906680
705,Roberta,Penberthy,Xnqhmoy,39/45/5345,716547
706,Ives,Nacci,Emuwcpp,16/35/3353,739719
707,Bellina,Sillars,Ghuanzn,23/77/4150,555966
708,Kennie,Arrundale,Upgrzjc,68/37/0729,829493
709,Barbee,Shelton,Hzrawuw,00/59/5160,802434
710,Lionello,MacDougall,Ymeobri,10/22/4937,144035
711,Corrinne,Benka,Jmsukgd,91/79/1744,252893
712,Raquela,Karlowicz,Stqiylp,58/16/5118,593092
713,Hiram,Adamowitz,Keumthg,38/05/8841,102599
714,Dreddy,Sowrah,Nllkijq,31/72/9238,939023
715,Sabra,Dubois,Qbacwpj,58/63/7967,708829
716,Cirillo,Saltmarshe,Qkrlctb,23/27/0691,364897
717,Ewen,Dmych,Vllmxgp,38/28/6543,770892
718,Jere,Aronin,Jozvomj,68/71/2384,338756
719,Clari,Rocks,Enwpbyd,90/82/8182,932543
720,Benita,Lothean,Iierwkz,11/88/4668,771851
721,Helaina,McCory,Idakcsb,71/37/0030,104726
722,Demetria,Kamienski,Kclgdek,04/70/9386,298315
723,Riannon,Josefs,Ixvxdrn,25/20/8794,341563
724,Carroll,Larcher,Qtibjew,02/50/9937,217672
725,Mellie,Ikin,Bhcsrdo,48/71/5915,781714
726,Sherrie,Derbyshire,Qlrdatj,58/87/1627,220965
727,Luise,Giorgioni,Qipatih,49/60/3929,425145
728,Addison,Flea,Zkypyky,27/38/1975,743840
729,Nancy,Spurrior,Azmgtbl,76/34/0456,880771
730,Lacy,Ramel,Mbxxcci,18/89/2496,948498
731,Claudina,Realph,Rnugxow,82/24/4410,803923
732,Richmond,Tollerfield,Pziziac,41/09/6102,487308
733,Kerrie,Saurat,Wfipzed,15/74/6691,638903
734,Britte,Kitlee,Fylqcvf,01/96/2306,888293
735,Beatrice,Mc Dermid,Bwobjlr,89/34/2330,904001
736,Tarrance,Willets,Ajhltic,67/50/7267,408043
737,Harris,Goodding,Mixwgjq,05/99/6891,880803
738,Matthias,Webling,Deqsxpn,34/32/9033,300227
739,Rozanne,Rozea,Sgrxxhb,55/61/0433,255379
740,Maryann,Border,Lsyickr,56/51/0039,326557
741,Lavinie,Leile,Jbwcagk,44/81/6956,582520
742,Rolf,Neubigging,Ozjgqsw,78/03/9801,868639
743,Margareta,Bennedick,Avwlbvm,70/67/3368,357614
744,Philis,Gajownik,Pfirjyd,97/34/9828,551678
745,Bekki,Connock,Zhzhpmp,87/49/5707,193990
746,Lucine,Brando,Pzqnvbi,33/81/7893,360907
747,Freddie,Marcinkus,Qkhqima,33/43/2850,490957
748,Willey,Southwick,Tqtezud,81/39/3990,748608
749,Farrand,Bole,Swtesoy,24/66/4700,230574
750,Caroljean,Vasyukhin,Sbvphin,00/23/3434,498573
751,Katlin,MacMeanma,Qtgmmtg,07/24/9219,405874
752,Evita,Buckley,Bydouku,88/91/5230,179570
753,Alvina,Guillart,Rfcnfap,40/92/8814,969134
754,Andy,Brownfield,Jdivmxn,39/87/0706,975853
755,Leann,Bruckenthal,Iexecou,59/90/2726,992661
756,Lucien,Beeching,Mlrvazn,35/93/6967,309943
757,Prescott,Bletsoe,Unhecty,38/12/7334,839949
758,Beth,Yurshev,Tjrkytn,95/13/5018,288474
759,Derk,Habergham,Fiduxzc,97/02/7843,466172
760,Helena,Bernhardsson,Csaytjs,46/69/5654,966225
761,Jacky,Burnapp,Alhyiyb,63/39/1180,480474
762,Dagny,Loffill,Nlzccex,49/37/7212,430746
763,Genevra,Burbank,Bfhejuy,56/96/4920,379468
764,Reinhold,Kupper,Ufddmeu,02/88/9446,378396
765,Lazarus,Don,Pumjwms,81/79/1706,764818
766,Paxon,Novill,Mdnhqal,02/64/8900,687867
767,Jobi,Mitkov,Dzsmaam,34/47/0706,430516
768,Nonnah,Scrauniage,Zxhptzq,81/38/0331,928622
769,Shaine,Trubshaw,Cetrbep,19/98/9728,258490
770,Powell,Brumham,Zacbtcy,14/18/8695,543509
771,Alysa,Slee,Oqwuqme,33/91/7974,466944
772,Margy,Yarr,Cszqgrv,07/76/8859,290538
773,Cullin,Risman,Zqzbred,77/92/3122,573742
774,Gloriana,Trass,Vsuxaci,70/87/4515,430350
775,Hurlee,Ritchman,Dfeapzw,23/91/0130,169964
776,Johnette,Burnham,Otctweu,52/61/2554,282553
777,Seamus,Glozman,Tsgbpqo,97/37/8583,420887
778,Sibel,Owlner,Lttjkot,06/79/3212,368143
779,Noell,De Bruin,Bqyhjyx,50/51/3299,286851
780,Jacqueline,Benoiton,Orkprne,24/57/3080,477887
781,Caye,Stitch,Mtfmejt,83/64/6514,196519
782,Grethel,Seally,Daxhxyg,07/63/9053,215745
783,Oriana,Clapson,Cgldpth,50/93/0205,639369
784,Reyna,Dillamore,Htuason,90/78/7683,292146
785,Brigham,Teasdale,Eaywacb,64/67/6371,252792
786,Flint,Book,Pelbfsi,61/93/5274,247924
787,Erma,Shucksmith,Lttasci,27/30/9124,374961
788,Melva,Lount,Czpzipi,22/44/0202,625040
789,Stanley,Grigori,Dfpuzza,51/99/5380,831385
790,Gerrie,Winger,Fvqsmoz,64/67/7104,243716
791,Blair,Coytes,Qjxeopw,94/03/3256,744075
792,Roseann,Steward,Ysuxxrg,86/86/3921,298277
793,Forster,Getcliff,Rncslfs,15/90/0318,574077
794,Egbert,Tellwright,Atazkno,90/17/4211,260754
795,Libbi,Stoney,Kkbgjra,85/82/3516,220306
796,Elysha,Bravery,Ahancym,76/41/3191,610144
797,Warde,Haggie,Tljamsk,75/63/4671,837269
798,Gracie,Mityashin,Ijuvhea,98/89/2553,523297
799,Neala,Gapper,Utnwhdu,15/00/0437,421870
800,Poppy,Flade,Wqtazkd,36/38/7516,308402
801,Kakalina,Tarquinio,Gglexbl,97/08/6009,315170
802,Jamie,Garretson,Avyvsfg,98/25/7788,207377
803,Alain,Durand,Nkdcfaf,21/78/1915,226756
804,Helena,Putman,Zmburwj,14/23/9278,664288
805,Melesa,Giacobillo,Hjubpyk,12/05/1966,397305
806,Joletta,Dossett,Qfxiscr,09/49/8789,104249
807,Siffre,Karlsen,Ujdgisp,83/38/9068,603524
808,Dorena,Varga,Mdohilh,43/49/9294,330672
809,Shirley,Vallentine,Cqdncvz,31/34/8874,855484
810,Bibi,Burnip,Nqgbumn,28/32/3252,215015
811,Sonia,Meeks,Netgnyj,30/00/5744,219738
812,Heidie,Ferreiro,Lbqrliq,91/93/0698,149685
813,Eadith,Farndon,Rngvtzn,51/97/7250,321986
814,Salem,Lebang,Snauzoz,88/22/3798,473713
815,Jaime,Macvey,Utjqdzm,09/65/0279,480721
816,Zelma,Clamp,Kettdiu,79/07/3460,328097
817,Mindy,Pine,Dlnhsxd,18/22/1553,589947
818,Doy,Pudner,Vmcnmpt,91/03/9569,253704
819,Gustie,Ten Broek,Dnmfqxx,49/00/1835,905811
820,Billie,Renihan,Veqqedw,03/04/8811,616523
821,Brittan,Whitebread,Pbtzgxh,28/16/4692,125294
822,Adaline,Sapey,Vbbzalh,19/92/4912,106194
823,Peirce,Feathersby,Uarucvz,91/32/9030,385956
824,Pattie,Revington,Eloduos,05/16/0128,173817
825,Lynsey,Ren,Ulgagdc,43/74/4055,731110
826,Brandyn,Castagnone,Gldgnhd,74/21/0970,571232
827,Adrianna,Swaysland,Jpxxtvx,25/57/0731,745093
828,Anthony,Ladell,Jyeokos,06/51/5422,450278
829,Evangelina,Noseworthy,Zfmbjbo,81/61/7010,554691
830,Marty,Paz,Luhpmrz,05/70/7455,958556
831,Pascal,Fraczek,Hnkkmbk,88/79/4112,417638
832,Jsandye,Burchfield,Qqukkxp,77/28/8075,333945
833,Vere,Sapena,Ojrggkj,14/98/1243,585244
834,Kalil,Strover,Fahgoee,50/69/0611,869867
835,Mariele,Soans,Dzwclxv,45/48/0660,865215
836,Cora,Clampin,Tcovtor,77/04/8159,225992
837,Carena,Petrosian,Snmbfzb,94/32/4472,319495
838,Lilas,Banaszewski,Gclvgxt,22/17/2596,316284
839,Violet,Higgoe,Zbrezwq,72/63/0213,792205
840,Ursola,Tesdale,Teppjvc,86/13/9155,619703
841,Jade,Lavielle,Jhypzxw,18/35/3698,277086
842,Minnnie,Hinchshaw,Xqsmrao,17/24/1730,353282
843,Marielle,Foote,Hkeziyn,77/35/0990,452248
844,Miof mela,Dominick,Scqisdc,42/92/1919,960836
845,Loy,Slight,Nrimmec,54/89/2464,438791
846,Suellen,Sagg,Ipifjgz,05/70/3456,565114
847,Valera,Ditzel,Shbfjlr,44/99/5996,288086
848,Riley,Millis,Veuxiis,57/09/5054,607636
849,Marice,Craddock,Lqhyjgw,34/43/5438,612909
850,Ivette,Eldredge,Sahhnhw,88/37/1972,616425
851,Puff,Tedridge,Nkttdwe,36/10/8579,370362
852,Belvia,MacSorley,Cfgduui,28/13/3869,488834
853,Deck,Lyddy,Aumqxix,50/28/4731,230524
854,Samaria,Corbie,Oeffmfr,93/49/1234,121185
855,Reinhard,Lownie,Pqvkbuk,93/17/9178,129348
856,Emmalynn,Michelmore,Ajauqae,50/07/3037,958847
857,Ilsa,Herity,Mvfmugm,20/42/3518,571380
858,Kathryne,Bruton,Ofrhokt,13/91/3222,693940
859,Hetty,Tuxell,Oltdmbc,47/75/6380,545004
860,Oren,Spacy,Pzhwrtz,71/08/9315,780718
861,Eamon,Kestell,Mcqopmc,35/98/6676,399371
862,Myrtice,Woodruffe,Ftdovvg,47/31/7343,172260
863,Jarrad,Skurm,Zxrubmy,02/83/3667,125492
864,Bobbye,Martinek,Daqhtbl,06/93/2646,468920
865,Querida,Gribbon,Wguswej,43/26/1592,643064
866,Ly,Guilbert,Fpjwswt,11/48/6577,522758
867,Florance,Sargint,Qfqwczk,93/98/6367,148079
868,Dolph,Leirmonth,Gulzlwk,69/54/3809,785894
869,Murray,Nicolls,Xxdxymp,31/82/5226,345552
870,Nicholas,Sheers,Bpqmpnn,31/14/6958,677406
871,Trumann,Lever,Okdypdl,79/59/6451,760587
872,Ivan,Kyme,Vxfwrbd,26/42/2466,931862
873,Kennett,Wittleton,Orvioqw,29/74/5442,430330
874,Cyb,Delacote,Mxqntfq,83/03/1206,564879
875,Brade,Champain,Yvxzvgf,17/13/0822,192441
876,Slade,Trowbridge,Yrfdszd,35/06/1771,492088
877,Latashia,Conkey,Rtihlea,70/29/2104,580003
878,Helenka,Ewbank,Flepiuo,63/18/0122,665222
879,Eleonora,Abendroth,Itlbuoj,69/36/1084,976663
880,Teodorico,Cubbin,Loodyhm,47/03/6074,198056
881,Belva,Bossons,Ewaogkw,35/98/7850,192648
882,Raff,Case,Hfdlevz,28/61/0173,446408
883,Alleen,Allsep,Buixihq,08/21/0812,493556
884,Ezra,Thomasset,Fvazxhn,10/20/1263,171185
885,Mikaela,Legg,Oqsityt,79/06/2051,111096
886,Gracia,Sappell,Gqvnatd,69/64/7941,438205
887,Sandro,Duthie,Ehlnmvt,01/58/8326,301801
888,Kelsey,Beckerleg,Tleublc,36/24/0757,828739
889,Phil,Boken,Mrfeqab,50/93/9134,566832
890,Bertine,Habbal,Jrrfsfg,18/99/7813,333481
891,Osbert,Molines,Ttgtigb,37/65/6802,587167
892,Dillon,Dufour,Mgnacnc,48/36/5304,263866
893,Leela,Clibbery,Ysrlwpe,78/14/8050,812707
894,Davin,Bowdon,Sfaerak,96/30/8900,448475
895,Linnell,Fretson,Uxwkkta,02/99/3647,508616
896,Carlotta,Rudloff,Hffujoz,75/68/1913,901240
897,Keriann,Batrim,Jktrsve,84/71/6891,793263
898,Venus,Welling,Ebhfunw,43/32/9681,850549
899,Moll,Mitchley,Rjrryfe,51/54/0642,927148
900,Aarika,Davitashvili,Fwmlixe,91/54/8644,476721
901,Grethel,Dike,Bcmlqwk,70/68/0910,775174
902,Karna,Smoth,Hatsfzk,09/17/4277,761331
903,Aile,Cardero,Yosavvo,43/74/1836,357830
904,Alberta,Haccleton,Vnopiuh,83/88/0227,121496
905,Douglas,Cooksley,Vlkwhwy,66/90/8643,198222
906,Imelda,Godier,Gtiymir,03/37/6276,764765
907,Lurette,Horbath,Gwkdtft,84/28/3486,527356
908,Kakalina,Maling,Ixscqrj,37/03/7504,307792
909,Timmy,Napthine,Qdhsibs,99/98/1879,160357
910,Bianca,Eaken,Dudwkrc,91/19/5260,870066
911,Lewiss,Batty,Itktrop,23/62/7795,968909
912,Benn,Shapcott,Fpcrsbw,97/33/4827,886907
913,Westbrooke,Steptoe,Arjhogz,75/21/6061,525923
914,Wendi,Bursnoll,Xfndjtj,39/96/2919,282246
915,Tonye,McKea,Wrchiby,62/08/5221,580799
916,Malachi,Antoniades,Jkpjuaj,49/84/1336,742834
917,Brucie,Sanchez,Jvkqofo,31/65/6823,497223
918,Onfre,Leverton,Wsfjcae,98/28/5903,347960
919,Brook,Hodge,Pjoxkaa,90/67/0917,909885
920,Ave,Rallin,Ynpjfhp,04/43/6975,552386
921,Rayner,Ordidge,Hybntfo,43/14/1201,181055
922,Dona,Cuss,Uhkxaeb,05/74/0837,367819
923,Davina,Cawthera,Afqbahr,32/43/6167,565864
924,Evie,Jephcote,Repepfb,99/12/3605,404038
925,Ortensia,Stiell,Fqlvwmv,44/57/4481,679765
926,Bronnie,Hynam,Plvtkej,59/92/5036,725451
927,Aldwin,Woolmington,Drmjiij,53/89/0356,746796
928,Jordanna,Croall,Zvkeisd,02/45/6192,219714
929,Dorree,Stradling,Eadmmrv,50/33/3791,748068
930,Baily,Brugmann,Fpcecic,80/80/5277,861833
931,Tabor,McCord,Vpvohbz,08/32/9228,156833
932,Tedie,Edmons,Ghebnve,69/82/1267,461070
933,Zabrina,Denk,Srtqwwd,68/99/2886,693639
934,Becca,Purtell,Qjknuhi,55/21/9956,186063
935,Thomasin,Bonfield,Nwosqpi,87/45/6164,606873
936,Sammy,Netherclift,Twwbvvy,60/07/8324,709455
937,Pris,Goodwill,Ayuspqf,76/52/2605,769943
938,Dannie,Parrish,Qywtvdw,30/30/7100,111681
939,Tommy,Paddie,Fzseipb,69/86/1991,470272
940,Fidelio,Abdie,Aqmwjzq,51/23/0456,212246
941,Budd,Hassell,Nqmlopt,06/05/6233,323093
942,Brigg,Callicott,Zqvxkpr,02/77/1530,980140
943,Darb,Crossby,Ihneawm,10/39/6126,195464
944,Darcy,O'dell,Gxvxguf,18/76/9687,774582
945,Therese,Eddington,Ihalwhl,97/31/0391,136314
946,Millicent,Gillbe,Epaisdv,19/17/4557,567054
947,Sibella,Liggins,Hqhuaso,43/72/0966,889088
948,Kayley,Saint,Wmoaocp,37/29/9598,815285
949,Troy,Joriot,Gmubvfz,76/71/0902,753558
950,Herc,Ritchard,Ngqkckc,62/95/7193,600063
951,Duffy,Tawton,Mggvwki,52/97/7378,394581
952,Fredrika,Skures,Otevvfn,30/84/9916,980064
953,Debby,Rossoni,Glafwlk,42/85/2599,259682
954,Clim,Allsopp,Cpjgvsj,58/53/4504,186854
955,Fernando,Croutear,Cgrdhdk,35/01/2935,108687
956,Viola,Titcom,Ebxadaf,91/39/5661,725727
957,Fallon,Seaman,Rxucbch,49/17/9899,878877
958,Trixie,Finding,Gbojbkr,23/98/6503,278624
959,Steve,McTrustram,Ztejkib,21/21/4318,836709
960,Jeni,Moorton,Vdcoijn,54/15/1450,848794
961,Rivkah,Breache,Zaroolm,51/11/7777,183271
962,Alistair,Marshallsay,Azttkbo,89/95/0346,900289
963,Aldrich,Vincent,Vmebsbn,87/41/3537,746808
964,Scotty,Adcock,Skwjhsl,57/42/3600,567631
965,Gertrud,Asquez,Hbzpgvn,29/94/1541,486432
966,Faunie,Airdrie,Lwzujyu,60/77/9813,270470
967,Arlin,Littlekit,Krsrtod,17/38/7357,890960
968,Nickie,Merriment,Pkopghc,59/48/5570,440876
969,Nikola,Sheppard,Ustsyzy,41/74/2081,458401
970,Wendell,Boldison,Sybhifk,78/55/1991,924865
971,Cathyleen,McDermott-Row,Mztafum,11/83/3812,838187
972,Petey,Weblin,Kbpgatu,12/42/1990,832032
973,Wilona,Newdick,Ndxcfxc,84/15/7595,626217
974,Jesus,Jerdon,Epudjxo,99/95/9258,216854
975,Myrilla,Mullineux,Xogrtkt,47/04/0840,524022
976,Gannie,Dulton,Sbkotle,24/83/8864,273489
977,Bowie,Stenet,Kklnlyj,22/62/3741,448569
978,Barrett,Ingold,Ehravrb,07/72/0268,810015
979,Cherry,Boutell,Gtscgbr,90/76/3341,726732
980,Demetri,Fitzsimmons,Wqoffuv,79/86/2814,128304
981,Inigo,Siggee,Dwbosay,94/39/2013,288645
982,Ingunna,Inder,Fpnglwt,64/68/7198,543029
983,Ariella,Kalisch,Titgxyi,80/82/9385,382517
984,Carce,Andric,Mqagdrr,77/32/7089,419886
985,Jessi,Grimsdyke,Hnyfzai,06/95/0863,957620
986,Avery,Studde,Qjbntvs,52/39/8586,875104
987,Sherm,MacTimpany,Ettxxup,97/10/4255,231488
988,Reeva,Ovesen,Kbaswny,31/71/2591,681113
989,Alfonse,Orsman,Owqydmt,31/47/3275,317981
990,Brandon,Twelve,Kwitjaa,95/53/5426,927794
991,Tawsha,Teasdale-Markie,Tvokmvz,46/54/6581,225647
992,Dorri,Peperell,Obquoio,37/59/5372,574136
993,Eleonora,Shalloo,Pkrbleb,65/55/5848,722275
994,Leoline,Kingh,Motayqo,46/67/5009,355673
995,Raquel,McAdam,Vzgjnvk,01/92/8178,432394
996,Valene,Kopps,Ehgbuvd,90/23/5816,556803
997,Christyna,Blancowe,Crhhxwt,57/46/8622,349872
998,Shelby,Staniforth,Ofbezmi,09/24/7033,428470
999,Rip,Pasquale,Vbvdkwj,80/30/0960,961181
1000,Dun,Savery,Hiwkate,68/80/4925,680969
