guest_email_id,guest_id,guest_email_type_id,guest_email
1,235,3,jdewire0@blinklist.com
2,618,1,dberston1@prlog.org
3,576,3,adanbi2@example.com
4,419,1,bwhisker3@barnesandnoble.com
5,991,1,fthieme4@addtoany.com
6,631,3,irosle5@godaddy.com
7,625,2,tlankford6@npr.org
8,392,2,twignall7@devhub.com
9,854,3,drippin8@answers.com
10,773,3,bgillam9@sciencedaily.com
11,419,1,mtargetta@macromedia.com
12,141,3,cbarkwayb@artisteer.com
13,943,1,kcakesc@delicious.com
14,391,3,boultramd@mtv.com
15,278,2,talbine@apache.org
16,203,3,umcgillivrief@bloglovin.com
17,160,3,djanotag@moonfruit.com
18,276,2,arivelesh@ask.com
19,374,1,kdandyi@cyberchimps.com
20,134,3,msaddlerj@europa.eu
21,9,1,gbikkerk@topsy.com
22,294,3,amerralll@chicagotribune.com
23,64,2,kguddm@hao123.com
24,72,3,cusmarn@amazon.co.jp
25,572,1,cvonoertzeno@xing.com
26,37,1,sgraffhamp@smugmug.com
27,435,1,cbuttrumq@google.com.hk
28,177,3,jspriggenr@arizona.edu
29,506,1,ecorkes@examiner.com
30,468,3,iwohlerst@elegantthemes.com
31,883,1,rgonu@patch.com
32,306,2,mrhodusv@hc360.com
33,102,2,skunzew@eepurl.com
34,340,1,mfolbigx@examiner.com
35,502,2,lcalwayy@bizjournals.com
36,21,1,slovelandz@google.co.uk
37,404,1,mbauckham10@fc2.com
38,836,2,afri11@sourceforge.net
39,665,2,esydall12@mac.com
40,203,3,gmathewson13@twitpic.com
41,216,2,mpee14@stumbleupon.com
42,733,2,cprobert15@biblegateway.com
43,915,3,spape16@artisteer.com
44,276,2,jkincla17@list-manage.com
45,377,3,jcejka18@free.fr
46,665,2,csisey19@symantec.com
47,422,1,lpow1a@hostgator.com
48,168,3,adoggerell1b@eventbrite.com
49,623,2,fmurtagh1c@list-manage.com
50,851,2,pkeeves1d@pcworld.com
51,211,1,djerger1e@geocities.com
52,224,3,dcreaser1f@scribd.com
53,151,2,srodie1g@who.int
54,873,3,lrains1h@hugedomains.com
55,741,1,eroke1i@accuweather.com
56,189,3,leacott1j@wiley.com
57,517,3,rpatient1k@live.com
58,393,3,tboddymead1l@dell.com
59,822,3,lbeaver1m@amazon.co.jp
60,988,3,aclail1n@amazonaws.com
61,685,2,mlougheed1o@canalblog.com
62,574,2,abuffery1p@fda.gov
63,454,1,bspiers1q@dmoz.org
64,742,2,jmccormack1r@usatoday.com
65,448,3,lbelcher1s@stanford.edu
66,488,2,akinner1t@skype.com
67,31,1,acorr1u@smh.com.au
68,620,3,bstollberg1v@imgur.com
69,305,2,dbeddie1w@ted.com
70,312,3,ngeake1x@sphinn.com
71,868,1,ydubois1y@tmall.com
72,956,1,mmacfadzean1z@lulu.com
73,365,3,ckindleysides20@webmd.com
74,953,2,jberthomier21@omniture.com
75,990,3,astickles22@sina.com.cn
76,141,3,krobuchon23@spiegel.de
77,99,1,dblaydon24@irs.gov
78,807,2,dsoan25@techcrunch.com
79,888,3,bdrewclifton26@printfriendly.com
80,761,1,ehonig27@phpbb.com
81,762,1,rtebbe28@prnewswire.com
82,672,3,mclews29@dot.gov
83,444,3,bdanis2a@slate.com
84,176,1,nsanson2b@odnoklassniki.ru
85,160,2,ccampes2c@harvard.edu
86,261,1,jglassborow2d@bbb.org
87,135,3,cdundon2e@sun.com
88,246,3,dcolbran2f@dailymail.co.uk
89,483,3,tfrisch2g@linkedin.com
90,538,2,kgrzelczyk2h@merriam-webster.com
91,908,3,jscallon2i@cmu.edu
92,407,3,kcholomin2j@geocities.jp
93,159,3,rworledge2k@ustream.tv
94,819,3,jcausey2l@skyrock.com
95,864,2,rfilshin2m@bbb.org
96,960,3,bpetr2n@over-blog.com
97,763,3,ewelford2o@cnbc.com
98,626,2,utoyer2p@amazonaws.com
99,532,3,ajouning2q@elegantthemes.com
100,514,2,kzanre2r@cdc.gov
101,622,3,mphelps2s@dagondesign.com
102,255,2,vnoquet2t@theguardian.com
103,626,1,hrodman2u@hao123.com
104,373,3,mnorthrop2v@cocolog-nifty.com
105,47,2,tstackbridge2w@trellian.com
106,814,2,upostle2x@amazon.co.jp
107,346,3,atownsend2y@google.com.au
108,618,1,jswynfen2z@google.es
109,466,1,vsymington30@51.la
110,385,1,froyston31@sciencedirect.com
111,230,3,fcowe32@cam.ac.uk
112,594,2,cdunstan33@wufoo.com
113,340,2,dspeedin34@aol.com
114,346,2,sbernardi35@nifty.com
115,176,1,kbromont36@illinois.edu
116,805,2,cking37@ft.com
117,988,3,bdyka38@umn.edu
118,382,3,cespinay39@bandcamp.com
119,116,3,ncrowdson3a@ca.gov
120,56,3,mdechastelain3b@indiatimes.com
121,308,1,skilminster3c@ucsd.edu
122,3,1,alaffoleylane3d@sbwire.com
123,288,3,smattecot3e@naver.com
124,705,1,lgoad3f@omniture.com
125,448,3,gwilliscroft3g@msn.com
126,845,3,mmanns3h@acquirethisname.com
127,682,3,aboustred3i@diigo.com
128,181,1,mleil3j@sphinn.com
129,364,3,palcoran3k@mayoclinic.com
130,825,2,ctouret3l@cisco.com
131,96,1,lpetruska3m@shareasale.com
132,915,3,pandersen3n@arstechnica.com
133,437,2,lladyman3o@devhub.com
134,231,3,rkleynermans3p@merriam-webster.com
135,25,3,aandree3q@tinypic.com
136,179,2,hforeman3r@cisco.com
137,66,1,yvlasyuk3s@sina.com.cn
138,857,3,rtebbit3t@amazon.co.uk
139,493,1,jbradtke3u@imgur.com
140,4,2,kcowser3v@moonfruit.com
141,973,2,cbletcher3w@businesswire.com
142,383,2,jgallaher3x@paypal.com
143,41,3,cdofty3y@yale.edu
144,332,1,ggallimore3z@google.com.br
145,685,2,dbatts40@craigslist.org
146,357,1,fbatchelor41@php.net
147,831,2,bblodgetts42@flickr.com
148,451,1,cabbe43@google.fr
149,76,2,rosgar44@si.edu
150,376,1,ccordeux45@google.nl
151,313,3,kmaseres46@dailymail.co.uk
152,57,3,dmcardell47@wikispaces.com
153,942,2,fspawton48@prnewswire.com
154,922,2,ccoghlan49@mac.com
155,318,1,kpariso4a@microsoft.com
156,294,3,akapelhof4b@imdb.com
157,503,1,jpibsworth4c@odnoklassniki.ru
158,526,1,dboyle4d@wired.com
159,411,1,melsmore4e@fda.gov
160,878,2,ebohler4f@gnu.org
161,656,3,dlambeth4g@constantcontact.com
162,728,1,eboyington4h@squidoo.com
163,586,3,ocolmore4i@discuz.net
164,131,3,akliement4j@cdbaby.com
165,502,2,mfee4k@mozilla.com
166,29,3,amerigon4l@tinyurl.com
167,184,3,lmcpake4m@npr.org
168,366,2,lwoodyear4n@redcross.org
169,308,3,jmulvihill4o@howstuffworks.com
170,999,2,gchallener4p@yolasite.com
171,180,3,aohrt4q@reference.com
172,288,1,bransbury4r@cafepress.com
173,921,3,wort4s@google.ru
174,403,2,alaybourn4t@seattletimes.com
175,46,2,cgueinn4u@ning.com
176,232,2,tcanny4v@merriam-webster.com
177,90,2,dalloisi4w@eepurl.com
178,902,2,rbrazenor4x@foxnews.com
179,504,3,ibirrell4y@senate.gov
180,595,1,bdonavan4z@symantec.com
181,766,1,rbarlie50@constantcontact.com
182,853,3,danstie51@upenn.edu
183,494,2,modwyer52@forbes.com
184,617,1,aateggart53@independent.co.uk
185,179,3,tmease54@newsvine.com
186,386,2,kmourbey55@walmart.com
187,190,2,lrangle56@wired.com
188,675,2,bmcwhinney57@prweb.com
189,381,2,rduckels58@flickr.com
190,835,3,fburtonwood59@netvibes.com
191,265,1,cshyram5a@wired.com
192,241,1,ilowdham5b@plala.or.jp
193,828,1,pkoppeck5c@xrea.com
194,385,3,erobey5d@washingtonpost.com
195,211,2,wlawlor5e@google.it
196,66,1,manten5f@time.com
197,548,2,asarge5g@washington.edu
198,301,3,olatey5h@sina.com.cn
199,823,2,dcoverdill5i@bing.com
200,89,3,gayce5j@bbc.co.uk
201,811,2,jhaslam5k@yahoo.co.jp
202,401,2,hfrowde5l@reference.com
203,86,3,skarlqvist5m@webmd.com
204,152,1,agilligan5n@tinyurl.com
205,745,2,gmcgeffen5o@tiny.cc
206,491,3,xjuster5p@shareasale.com
207,932,2,edulwich5q@smh.com.au
208,659,1,mgoatman5r@paypal.com
209,814,2,odancey5s@reverbnation.com
210,93,3,rfetters5t@weebly.com
211,567,2,creijmers5u@ebay.com
212,505,2,wmonsey5v@trellian.com
213,49,2,ktrighton5w@infoseek.co.jp
214,415,2,stinsley5x@photobucket.com
215,822,1,gmazdon5y@xinhuanet.com
216,336,2,amckinie5z@buzzfeed.com
217,943,3,pmcelhinney60@businesswire.com
218,161,2,flinnett61@bloglovin.com
219,278,3,ejeanenet62@yale.edu
220,899,2,snisen63@stumbleupon.com
221,815,2,kummfrey64@over-blog.com
222,988,3,cterrazzo65@salon.com
223,404,1,rmatthews66@eventbrite.com
224,507,3,othecham67@discovery.com
225,675,1,wjedras68@cmu.edu
226,197,2,csteel69@ameblo.jp
227,656,1,tboutton6a@tmall.com
228,459,1,lvennart6b@hibu.com
229,957,1,pcartmael6c@netscape.com
230,600,3,nmarskell6d@fda.gov
231,855,3,hwade6e@wiley.com
232,751,2,cclarage6f@google.fr
233,934,2,smilthorpe6g@si.edu
234,340,2,rpresnail6h@columbia.edu
235,995,3,edruery6i@theglobeandmail.com
236,44,1,kdevil6j@harvard.edu
237,740,1,wheindrick6k@usatoday.com
238,510,3,dpeinton6l@ftc.gov
239,92,1,cbernasek6m@pinterest.com
240,82,1,rcrossman6n@bbc.co.uk
241,258,2,bennor6o@disqus.com
242,175,1,lromao6p@discovery.com
243,878,3,egerran6q@mtv.com
244,573,2,bcoat6r@theguardian.com
245,341,3,lfarncombe6s@epa.gov
246,270,2,cpaumier6t@discovery.com
247,32,3,gharle6u@wordpress.com
248,634,2,modyvoy6v@list-manage.com
249,36,1,hfetherstonhaugh6w@tmall.com
250,664,2,scapponeer6x@mozilla.org
251,378,1,tblackburne6y@comcast.net
252,993,2,mbreward6z@booking.com
253,733,1,rroulston70@tripadvisor.com
254,976,1,ffreund71@xinhuanet.com
255,610,2,mgeerdts72@tumblr.com
256,424,3,tmcquode73@google.ca
257,879,2,mbambrough74@jimdo.com
258,739,2,lkitter75@addtoany.com
259,738,1,dpridie76@weather.com
260,253,2,bboram77@comcast.net
261,734,2,dreignard78@google.cn
262,584,2,aassur79@illinois.edu
263,508,1,mfance7a@vinaora.com
264,11,1,ghawkin7b@rambler.ru
265,262,2,edalgarnowch7c@sogou.com
266,979,3,ischulkins7d@ihg.com
267,62,3,nhaxell7e@epa.gov
268,78,3,jtesche7f@hao123.com
269,53,3,zhelm7g@mozilla.org
270,593,2,bwrangle7h@time.com
271,96,2,pingleby7i@elegantthemes.com
272,586,2,kcarpmile7j@yahoo.co.jp
273,904,3,kcalbert7k@go.com
274,383,1,aimpy7l@drupal.org
275,486,1,feisenberg7m@netvibes.com
276,842,3,eolooney7n@buzzfeed.com
277,188,3,ncolthard7o@macromedia.com
278,955,1,dfawcett7p@youtu.be
279,11,2,dridehalgh7q@simplemachines.org
280,285,1,hbrucker7r@thetimes.co.uk
281,182,1,imaypes7s@seattletimes.com
282,874,1,fpuve7t@berkeley.edu
283,675,2,eruvel7u@google.ca
284,485,3,lgavaran7v@bloomberg.com
285,536,2,jwhardley7w@meetup.com
286,640,1,ksarle7x@youtube.com
287,833,2,jweinmann7y@weibo.com
288,709,1,yduro7z@shinystat.com
289,792,3,bmercey80@mapy.cz
290,5,2,ksuckling81@cocolog-nifty.com
291,958,2,cmcgillicuddy82@timesonline.co.uk
292,695,2,kcharlon83@wired.com
293,250,1,thesbrook84@ucoz.ru
294,434,1,glansly85@hostgator.com
295,169,1,rwarcup86@state.gov
296,29,3,whugland87@hp.com
297,81,1,estrickland88@state.gov
298,43,2,ekedie89@netscape.com
299,502,2,gjarmaine8a@xrea.com
300,295,2,hmair8b@webmd.com
301,814,2,dhessing8c@ustream.tv
302,280,3,agingold8d@seattletimes.com
303,55,2,jfeben8e@google.com
304,652,2,lfudge8f@nih.gov
305,91,1,wbern8g@123-reg.co.uk
306,351,2,rortiga8h@apache.org
307,65,2,dvasilyonok8i@feedburner.com
308,305,3,lbrandes8j@pbs.org
309,516,1,brogan8k@economist.com
310,248,1,tgripton8l@census.gov
311,940,1,scaldairou8m@tuttocitta.it
312,655,1,amazdon8n@themeforest.net
313,926,1,lrushton8o@toplist.cz
314,300,3,rcass8p@addtoany.com
315,41,2,phortop8q@slideshare.net
316,367,1,tthonason8r@shinystat.com
317,537,3,cangus8s@marriott.com
318,677,2,zmelchior8t@npr.org
319,273,1,mlewnden8u@europa.eu
320,338,2,blambdean8v@webeden.co.uk
321,911,1,jcottle8w@pen.io
322,588,3,afaichney8x@miibeian.gov.cn
323,930,2,gpaz8y@webs.com
324,112,1,mrubes8z@stanford.edu
325,218,1,coconnel90@mozilla.org
326,663,1,hlube91@baidu.com
327,626,1,vizzat92@sakura.ne.jp
328,875,3,akezar93@ebay.co.uk
329,483,1,mtourville94@sitemeter.com
330,778,1,karnaudi95@howstuffworks.com
331,485,1,srollinson96@merriam-webster.com
332,596,1,tvsanelli97@google.pl
333,960,1,ggallie98@dell.com
334,857,3,rkeeri99@epa.gov
335,224,2,asimonsen9a@webs.com
336,163,1,msallowaye9b@vimeo.com
337,151,3,uwoolmer9c@nytimes.com
338,387,2,mroake9d@paypal.com
339,965,2,bchallicum9e@deliciousdays.com
340,172,3,clathleiffure9f@google.it
341,884,1,fgarling9g@nba.com
342,585,3,bfarington9h@1688.com
343,841,2,rpembry9i@sitemeter.com
344,790,2,rwoodrough9j@xinhuanet.com
345,792,3,lbyrth9k@sohu.com
346,352,2,watrill9l@1688.com
347,274,2,mlestrange9m@harvard.edu
348,118,1,lglazebrook9n@xinhuanet.com
349,573,3,switcherley9o@abc.net.au
350,633,1,dguerola9p@themeforest.net
351,13,2,tmasdon9q@comcast.net
352,704,3,jgovier9r@bigcartel.com
353,79,2,blavin9s@netvibes.com
354,930,1,lbulpitt9t@unicef.org
355,247,2,urohloff9u@howstuffworks.com
356,296,3,wsympson9v@ted.com
357,134,2,ahanington9w@flickr.com
358,68,3,pgooderick9x@google.de
359,996,1,jslym9y@rakuten.co.jp
360,713,1,cwilsone9z@networkadvertising.org
361,956,2,glitchfielda0@java.com
362,170,3,hglassa1@zimbio.com
363,702,2,omangona2@i2i.jp
364,425,3,isametta3@creativecommons.org
365,952,3,zkleinbera4@paypal.com
366,15,3,oatterleya5@spiegel.de
367,745,2,mcamolettoa6@barnesandnoble.com
368,377,3,klorkina7@nationalgeographic.com
369,471,2,adreppa8@phoca.cz
370,523,1,jgodehardsfa9@statcounter.com
371,532,2,svendittiaa@guardian.co.uk
372,851,2,zbywayab@blinklist.com
373,470,1,bkennardac@prlog.org
374,274,1,jthezead@google.de
375,350,2,rjonssonae@columbia.edu
376,29,3,ejentgensaf@icio.us
377,669,3,dtuppag@goo.ne.jp
378,119,3,cpolonah@cnet.com
379,766,1,dbraywoodai@stumbleupon.com
380,964,3,cscareaj@businessinsider.com
381,443,2,sscaplehornak@auda.org.au
382,816,1,aspeermanal@unesco.org
383,266,2,chedauxam@ebay.com
384,431,1,drendlean@boston.com
385,660,1,ejoselevitzao@scribd.com
386,655,3,jpreuvostap@flavors.me
387,537,1,sclemanceauaq@prlog.org
388,768,1,easplandar@ustream.tv
389,222,3,ceilhermannas@pagesperso-orange.fr
390,607,3,ckermannesat@samsung.com
391,615,3,dmacveyau@theglobeandmail.com
392,569,1,mwoolliamsav@tmall.com
393,17,2,lborthaw@sun.com
394,691,3,kshemiltax@loc.gov
395,323,2,pskipperay@loc.gov
396,495,1,hbendellaz@parallels.com
397,241,2,blawlingsb0@vinaora.com
398,985,3,hmartyntsevb1@istockphoto.com
399,624,1,khasemanb2@t-online.de
400,982,3,nlinnyb3@oakley.com
401,972,3,tyvensb4@pbs.org
402,982,3,mmeredithb5@infoseek.co.jp
403,373,3,bpinckb6@themeforest.net
404,866,3,jtreleaseb7@youtu.be
405,173,3,rmcclymondb8@digg.com
406,73,2,tbondeb9@harvard.edu
407,70,1,acleetonba@xrea.com
408,473,3,arysdalebb@cbslocal.com
409,205,2,dmcauslandbc@jigsy.com
410,334,1,gduffanbd@thetimes.co.uk
411,692,1,bunwinbe@creativecommons.org
412,88,2,fcayfordbf@weibo.com
413,742,2,mdunstonbg@barnesandnoble.com
414,146,1,ekennybh@wufoo.com
415,18,1,ahungerfordbi@comcast.net
416,458,2,asafferbj@cocolog-nifty.com
417,682,2,bborghesebk@slate.com
418,363,2,amaclesebl@fema.gov
419,543,1,blempelbm@sohu.com
420,442,3,ppailinbn@geocities.com
421,788,2,dpaszakbo@devhub.com
422,954,1,spyebp@360.cn
423,105,2,khaydnbq@cbslocal.com
424,398,1,ocysterbr@boston.com
425,184,1,educkersbs@usda.gov
426,402,1,kleborgnebt@webnode.com
427,432,2,regdalbu@smh.com.au
428,142,1,jbewshirebv@sciencedirect.com
429,786,3,llawleffbw@symantec.com
430,5,1,mpfeiferbx@opensource.org
431,839,2,rlaurentinby@netvibes.com
432,14,1,nblankleybz@wikimedia.org
433,526,1,cplettsc0@ocn.ne.jp
434,206,2,ahamesc1@booking.com
435,458,3,cdonettc2@prnewswire.com
436,502,2,rgrinnikovc3@tmall.com
437,732,1,dlabonec4@comcast.net
438,611,3,hbraunerc5@zimbio.com
439,649,3,jainsleyc6@senate.gov
440,790,3,acraykec7@ca.gov
441,279,2,kglasbeyc8@phoca.cz
442,182,3,jhaugc9@narod.ru
443,203,3,evalentineca@booking.com
444,409,3,ssewardcb@nasa.gov
445,671,1,casalscc@odnoklassniki.ru
446,292,2,fhargrovecd@nytimes.com
447,96,2,pdowntonce@pinterest.com
448,161,2,ktillotcf@prlog.org
449,86,1,cyaldrencg@dot.gov
450,526,3,qchomiczch@meetup.com
451,83,2,rpecholdci@soundcloud.com
452,989,3,ochittendencj@marriott.com
453,640,3,etrewhittck@tmall.com
454,99,2,rcunniffecl@issuu.com
455,167,2,hcollcm@tiny.cc
456,328,3,egilcristcn@sogou.com
457,912,3,dschreursco@oracle.com
458,326,1,jaucottcp@cafepress.com
459,97,3,lcummingscq@globo.com
460,383,2,fkauschecr@oaic.gov.au
461,473,3,jcluelowcs@nbcnews.com
462,914,2,cchristiect@yelp.com
463,708,2,bpharecu@aol.com
464,386,1,gdeemancv@bing.com
465,636,3,dpierrepontcw@umich.edu
466,668,2,gsprossoncx@ustream.tv
467,474,3,skilduffcy@xrea.com
468,344,3,nhannamcz@cbc.ca
469,997,3,cfaragherd0@ft.com
470,449,2,strowbridged1@godaddy.com
471,408,3,cnessd2@etsy.com
472,706,2,lbrodyd3@miibeian.gov.cn
473,149,3,bsandond4@uiuc.edu
474,228,1,ubengtsond5@fotki.com
475,723,2,rcheesleyd6@businesswire.com
476,581,2,bkilbrided7@lycos.com
477,491,3,mstangoed8@studiopress.com
478,119,3,erobisond9@elegantthemes.com
479,448,1,abroadwellda@yelp.com
480,247,3,kcookmandb@hp.com
481,870,3,rbreetondc@sitemeter.com
482,634,3,cbasnettdd@skype.com
483,620,3,lstelfoxde@nifty.com
484,763,2,mbeesondf@shop-pro.jp
485,704,1,kharbinsondg@scribd.com
486,139,1,avasyunkindh@netlog.com
487,534,2,cstringerdi@parallels.com
488,671,3,elegendredj@ft.com
489,670,3,abrattydk@hugedomains.com
490,698,2,dborboroughdl@alexa.com
491,734,1,veaglestondm@oaic.gov.au
492,794,3,ireddandn@earthlink.net
493,480,1,saichesondo@go.com
494,747,1,kcudiffdp@ucoz.com
495,472,1,gwhittlesdq@latimes.com
496,357,3,cgateleydr@dyndns.org
497,476,3,standeyds@sohu.com
498,141,2,rfealeydt@hp.com
499,141,2,mcormodedu@1688.com
500,375,1,plamonbydv@quantcast.com
501,467,2,aeisigdw@shareasale.com
502,482,1,glusgdindx@slashdot.org
503,657,2,awelldy@alibaba.com
504,224,1,jseivertsendz@symantec.com
505,558,1,hharbottlee0@nba.com
506,825,3,aeyrle1@a8.net
507,27,3,ofalloone2@forbes.com
508,730,3,bvescovinie3@bluehost.com
509,592,3,gcastagnee4@sciencedaily.com
510,159,2,csedgemonde5@booking.com
511,55,1,ekeetleye6@amazon.co.uk
512,823,2,lgaveltonee7@feedburner.com
513,496,3,eohannaye8@seesaa.net
514,224,3,nmarianse9@google.nl
515,366,2,sarrigoea@mysql.com
516,238,3,melwineb@bloglines.com
517,841,2,ljaouenec@dedecms.com
518,221,3,rdenshamed@exblog.jp
519,799,3,hcourtmanee@chicagotribune.com
520,510,2,pmantrupef@apple.com
521,674,3,dchateleteg@photobucket.com
522,440,2,jbryetteh@gizmodo.com
523,625,3,rrowlettei@github.io
524,307,3,gbowbrickej@skype.com
525,840,1,smelsonek@harvard.edu
526,68,3,rsmittenel@is.gd
527,254,3,rorvisem@icq.com
528,227,3,meberdten@twitpic.com
529,833,3,flavieseo@com.com
530,222,2,gtosspellep@discovery.com
531,638,2,nelkinseq@ovh.net
532,478,1,mdunneter@acquirethisname.com
533,318,1,mdilkses@dmoz.org
534,85,1,vwalisiaket@domainmarket.com
535,635,1,casbreyeu@timesonline.co.uk
536,765,1,hcaslaneev@whitehouse.gov
537,479,3,wjosofovitzew@live.com
538,742,3,fswordex@vistaprint.com
539,782,1,wphythieney@narod.ru
540,338,1,omccartneyez@histats.com
541,960,1,ttaillardf0@mapy.cz
542,831,1,bbalmaf1@ed.gov
543,382,1,nsquibbesf2@lulu.com
544,634,3,cbegleyf3@histats.com
545,76,2,brenisonf4@theglobeandmail.com
546,397,2,mhillsf5@stanford.edu
547,606,1,csweetenhamf6@cisco.com
548,98,2,nlabadinif7@smugmug.com
549,725,1,lburminghamf8@wordpress.com
550,700,1,rstarbeckf9@taobao.com
551,278,1,vnorthwoodfa@sciencedirect.com
552,601,1,lburlingamefb@dot.gov
553,187,3,ddiblingfc@a8.net
554,322,2,mklausfd@nba.com
555,373,3,plorentzfe@simplemachines.org
556,556,2,ghallgateff@nsw.gov.au
557,641,3,rbarnsdalefg@shutterfly.com
558,539,2,cbrucknerfh@thetimes.co.uk
559,506,2,qgorvinfi@redcross.org
560,35,1,cgodsafefj@businessweek.com
561,627,2,yrowbothamfk@yahoo.co.jp
562,970,3,jradeliffefl@gmpg.org
563,171,3,sglenwrightfm@dyndns.org
564,874,2,snanifn@upenn.edu
565,911,1,mwillowayfo@sfgate.com
566,55,3,awillshawfp@sun.com
567,299,1,remerfq@comcast.net
568,972,2,gswyrefr@wufoo.com
569,431,3,cdiioriofs@4shared.com
570,370,1,jhandmanft@mlb.com
571,845,1,sthirtlefu@admin.ch
572,734,2,ctamlettfv@abc.net.au
573,36,2,lmcsorleyfw@webeden.co.uk
574,371,2,zhaguefx@independent.co.uk
575,279,3,agiblettfy@bloglovin.com
576,944,2,fpeperellfz@oracle.com
577,931,3,lkaindlg0@aol.com
578,349,2,rmalzardg1@adobe.com
579,830,3,dwifflerg2@yellowpages.com
580,448,2,tbridelg3@china.com.cn
581,319,2,gbourdelg4@seattletimes.com
582,904,1,mguerring5@mit.edu
583,345,2,mdymidowskig6@hp.com
584,545,1,mholborng7@flavors.me
585,956,3,mdeschelleg8@ocn.ne.jp
586,982,2,lchaucerg9@goo.gl
587,464,1,mdufrayga@printfriendly.com
588,182,1,shinrichgb@cnn.com
589,410,1,csennettgc@tamu.edu
590,159,3,tmccronegd@themeforest.net
591,324,2,escattergoodge@paginegialle.it
592,462,3,dwenningtongf@geocities.com
593,382,2,klaydongg@yahoo.com
594,525,1,bmaccauleygh@npr.org
595,192,3,coakesgi@theglobeandmail.com
596,263,3,lcinnamondgj@php.net
597,163,1,thelegk@rambler.ru
598,731,2,cwillangl@omniture.com
599,99,2,rlequesnegm@techcrunch.com
600,301,3,kboundegn@opensource.org
601,53,1,hrothermelgo@europa.eu
602,241,1,cissacgp@sogou.com
603,829,2,rjamsongq@craigslist.org
604,77,3,jnootgr@spotify.com
605,133,2,hwhittockgs@list-manage.com
606,121,3,hwalteringgt@yahoo.com
607,504,1,tcraiggu@sogou.com
608,162,1,whellyargv@wiley.com
609,440,3,lnittogw@bloglovin.com
610,456,2,mflowittgx@independent.co.uk
611,121,2,darlowgy@ehow.com
612,938,3,jpatrisksongz@umn.edu
613,449,1,kgarlingh0@jalbum.net
614,128,2,fgilleonh1@hugedomains.com
615,863,3,hlarmetth2@chronoengine.com
616,19,3,dreemeh3@ibm.com
617,837,1,cdeniscoh4@statcounter.com
618,948,1,rwanleyh5@java.com
619,910,3,mmattissonh6@salon.com
620,585,1,mtraffordh7@usatoday.com
621,312,3,lfratsonh8@deviantart.com
622,597,3,gsadlerh9@soundcloud.com
623,496,3,laudissha@phpbb.com
624,454,3,wnorganhb@wiley.com
625,577,1,gamnerhc@umn.edu
626,443,1,bwarlandhd@usatoday.com
627,898,1,etinglehe@mayoclinic.com
628,591,1,zjorczykhf@oracle.com
629,511,2,ograinehg@odnoklassniki.ru
630,883,1,kburletonhh@diigo.com
631,774,1,pbiglinhi@smugmug.com
632,620,1,agiraudouxhj@nbcnews.com
633,700,3,orobenshk@usda.gov
634,772,2,dbartosinskihl@gnu.org
635,30,1,scoattshm@themeforest.net
636,238,2,mdennickhn@google.ca
637,153,2,lborthramho@sciencedaily.com
638,173,2,delderbranthp@prweb.com
639,714,2,lpapehq@elpais.com
640,785,2,fduffithr@indiegogo.com
641,171,1,asandilandhs@privacy.gov.au
642,228,2,mphizackleaht@newsvine.com
643,180,1,vlowethhu@chronoengine.com
644,953,3,rskillhv@un.org
645,281,3,mwallerhw@w3.org
646,434,1,jpickworthhx@sina.com.cn
647,979,2,sradbornhy@flavors.me
648,771,1,rcapponeerhz@adobe.com
649,969,3,lmcdaidi0@nba.com
650,195,1,rlimprichti1@wisc.edu
651,897,3,esurmoni2@hibu.com
652,668,2,tspinozzii3@goo.ne.jp
653,245,2,roculligani4@wiley.com
654,813,3,egraeseri5@issuu.com
655,409,3,sgurneei6@bizjournals.com
656,964,1,llagdeni7@spiegel.de
657,520,2,ghaddlestoni8@homestead.com
658,240,3,ocurlingi9@businessinsider.com
659,425,1,dcreadyia@goo.gl
660,1000,2,jgreendaleib@liveinternet.ru
661,999,3,mdennerlyic@timesonline.co.uk
662,105,1,nsmallthwaiteid@webmd.com
663,263,1,bsyslandie@archive.org
664,189,3,ahurnif@eventbrite.com
665,546,3,dpiccopig@msn.com
666,153,2,nredishih@ucla.edu
667,579,1,kbirdfieldii@theatlantic.com
668,541,3,bcombenij@chicagotribune.com
669,383,2,thuxtableik@instagram.com
670,130,1,gshercliffil@webmd.com
671,31,3,cneillyim@gravatar.com
672,814,2,tbertolacciniin@gov.uk
673,69,1,arosenstielio@blogger.com
674,127,3,opiddockip@vinaora.com
675,383,2,pthrasheriq@lycos.com
676,676,2,jhazellir@naver.com
677,284,3,aerrichelliis@answers.com
678,947,3,bdarrigoit@mapy.cz
679,315,3,mmclemoniu@xinhuanet.com
680,21,2,emccroftiv@buzzfeed.com
681,657,3,dforriiw@com.com
682,150,1,iflahyix@hc360.com
683,56,1,wpateyiy@php.net
684,54,2,tevenettiz@dedecms.com
685,363,1,fduesberryj0@multiply.com
686,597,3,dmcmylorj1@livejournal.com
687,750,2,pkearleyj2@behance.net
688,810,3,cphillpj3@homestead.com
689,664,2,ldrooganj4@qq.com
690,658,3,lhemblingj5@abc.net.au
691,330,1,gebanksj6@wikipedia.org
692,129,2,jlandallj7@ebay.com
693,954,2,sgiacovettij8@wunderground.com
694,591,2,zgarthj9@foxnews.com
695,469,1,atriswellja@cbc.ca
696,180,2,rbabberjb@statcounter.com
697,708,3,hgoshawkjc@1und1.de
698,823,3,kcrightonjd@usnews.com
699,791,2,ksatcherje@google.co.jp
700,449,1,ablowesjf@ucsd.edu
701,82,1,sdewerkjg@vk.com
702,167,3,jjenkjh@techcrunch.com
703,775,3,cjanacekji@salon.com
704,168,3,cwinspearjj@ebay.com
705,749,1,vblythejk@yelp.com
706,880,3,bcranmorjl@godaddy.com
707,935,1,psainsburybrownjm@stumbleupon.com
708,700,1,kblazekjn@mac.com
709,736,2,dannakinjo@businessinsider.com
710,413,2,kfewsterjp@chicagotribune.com
711,241,1,dkelsojq@oaic.gov.au
712,769,1,jdenisetjr@ibm.com
713,423,2,npedwelljs@github.com
714,322,2,cpeeblesjt@bandcamp.com
715,690,2,penderleinju@xinhuanet.com
716,489,3,kleanjv@ocn.ne.jp
717,155,3,rpretorjw@prlog.org
718,804,3,jdobblejx@nbcnews.com
719,614,1,kzukermanjy@eventbrite.com
720,42,3,eraffjz@nifty.com
721,981,2,mritsonk0@alexa.com
722,347,2,rmearsk1@bloglines.com
723,292,3,nwickesk2@nsw.gov.au
724,93,3,hrozzierk3@purevolume.com
725,497,2,olongmaidk4@opera.com
726,300,1,dcomstyk5@nifty.com
727,778,1,imonumentk6@desdev.cn
728,96,3,psworderk7@creativecommons.org
729,459,3,knottingamk8@icio.us
730,811,1,dlicquorishk9@mozilla.com
731,675,1,ccrosskillka@altervista.org
732,138,3,cmanvellkb@hexun.com
733,776,3,froughleykc@hatena.ne.jp
734,744,2,ppoundkd@rakuten.co.jp
735,621,3,bwhetnallke@princeton.edu
736,901,3,parnullkf@bloglines.com
737,489,2,mpurchonkg@eepurl.com
738,413,3,gnegalkh@instagram.com
739,878,1,mhuthartki@kickstarter.com
740,891,1,brameskj@t.co
741,851,2,jduggarykk@twitpic.com
742,510,2,jachurchkl@jugem.jp
743,261,1,scaunterkm@engadget.com
744,510,1,lharriotkn@tinyurl.com
745,294,3,kballardko@sphinn.com
746,331,2,schipmankp@topsy.com
747,16,3,bbuffinkq@ft.com
748,510,2,ftichelaarkr@newyorker.com
749,457,2,rgiffkinsks@stumbleupon.com
750,137,2,rumankt@github.io
751,667,1,cbogartku@ow.ly
752,347,2,rjaulmekv@microsoft.com
753,323,1,brustedgekw@bigcartel.com
754,263,2,lvennartkx@livejournal.com
755,100,3,nlorrainky@163.com
756,656,2,bbreederkz@mysql.com
757,389,2,spidgeleyl0@domainmarket.com
758,988,2,fadleml1@pinterest.com
759,275,3,afurmedgel2@newyorker.com
760,434,2,hcastlel3@blogs.com
761,579,1,runsworthl4@tiny.cc
762,404,1,candriesl5@bbb.org
763,982,2,jpeyesl6@deliciousdays.com
764,430,3,dsedgmondl7@moonfruit.com
765,718,2,pklimontovichl8@archive.org
766,523,1,rrainbowl9@facebook.com
767,20,3,gmaddoxla@bigcartel.com
768,952,3,jenriqueslb@reverbnation.com
769,533,2,banslowlc@wiley.com
770,354,3,rkiddyeld@examiner.com
771,717,3,cdonetle@stumbleupon.com
772,858,3,gmcgroutherlf@dmoz.org
773,870,3,rshaftolg@examiner.com
774,968,1,mbestarlh@amazon.co.jp
775,509,3,palkinli@unc.edu
776,675,2,mkaindllj@paginegialle.it
777,941,1,amarklundlk@wp.com
778,439,3,ntarbattll@technorati.com
779,539,3,evenablelm@elegantthemes.com
780,936,2,jagneauln@vimeo.com
781,27,2,gmuncasterlo@earthlink.net
782,359,1,edinnegeslp@bbb.org
783,420,1,jbowdidgelq@toplist.cz
784,929,2,dbennedicklr@artisteer.com
785,294,3,jbrigdenls@marriott.com
786,840,1,fbeadhamlt@github.com
787,143,2,wmoizerlu@digg.com
788,462,1,sbolesmalv@amazonaws.com
789,874,3,msedworthlw@europa.eu
790,143,1,rquarlislx@bloomberg.com
791,582,2,vcarlemanly@wikia.com
792,24,1,tkaineslz@foxnews.com
793,455,1,cgoldhillm0@ft.com
794,59,3,acorrieam1@fotki.com
795,769,2,abawmem2@plala.or.jp
796,610,2,dmclaem3@army.mil
797,16,1,ctamplingm4@tmall.com
798,578,1,hmahmoodm5@seattletimes.com
799,511,1,agreghm6@cam.ac.uk
800,866,3,rcridlinm7@miitbeian.gov.cn
801,11,1,mcompstonm8@nih.gov
802,895,2,cflowithm9@shutterfly.com
803,59,3,ipietrzykma@cyberchimps.com
804,657,3,cabrahimmb@reuters.com
805,182,1,gbarajazmc@wikispaces.com
806,128,1,dalcockmd@mashable.com
807,688,2,rklaggeme@photobucket.com
808,432,1,clibrimf@dagondesign.com
809,410,2,fberdalemg@nba.com
810,357,1,dmoinemh@rediff.com
811,58,2,drhymermi@discovery.com
812,198,1,cpavismj@weibo.com
813,551,3,elestermk@state.tx.us
814,28,3,rmcallml@seattletimes.com
815,405,2,vbyrnemm@reddit.com
816,637,3,bfawthorpemn@de.vu
817,676,1,fdoagmo@yandex.ru
818,898,2,bdawsonmp@live.com
819,985,3,smcnuffmq@mac.com
820,106,3,rpeetersmr@ocn.ne.jp
821,108,2,pbonehillms@behance.net
822,643,2,mvanyushinmt@discovery.com
823,673,2,ldaglishmu@psu.edu
824,526,1,mcallandermv@dion.ne.jp
825,116,3,vabrashkovmw@sciencedirect.com
826,599,1,scicconettiimx@disqus.com
827,315,1,sbenainemy@canalblog.com
828,727,1,akeersmz@craigslist.org
829,707,3,dmcgrottyn0@pagesperso-orange.fr
830,523,3,mgorinin1@ebay.co.uk
831,970,2,fhayshamn2@fotki.com
832,745,1,fortlern3@yelp.com
833,642,3,hbroen4@jugem.jp
834,37,1,osteinsonn5@oakley.com
835,542,2,pmatoninn6@businessweek.com
836,895,2,rdinesenn7@histats.com
837,786,1,sbernardosn8@myspace.com
838,304,2,druusan9@seesaa.net
839,943,1,lgadsbyna@pagesperso-orange.fr
840,744,1,vmaymannb@bandcamp.com
841,705,2,blardiernc@ted.com
842,789,3,rroysend@bbc.co.uk
843,252,1,arecklessne@weebly.com
844,151,2,emcmychemnf@godaddy.com
845,577,1,bevertonng@guardian.co.uk
846,250,3,gbrantlnh@cdc.gov
847,177,1,ecoggingsni@uol.com.br
848,375,3,drousbynj@imgur.com
849,248,1,bmattesnk@blogtalkradio.com
850,905,3,lheadinghamnl@businessweek.com
851,646,2,noldnm@devhub.com
852,925,2,mmeinecknn@amazonaws.com
853,610,3,svolkerno@hibu.com
854,977,2,nguinnessnp@simplemachines.org
855,331,2,cbluschkenq@surveymonkey.com
856,645,2,yfredanr@livejournal.com
857,838,3,aweedns@blogger.com
858,806,2,sratleent@163.com
859,272,1,mgilbertsonnu@nifty.com
860,886,2,bscohiernv@ibm.com
861,967,2,jkuhwaldnw@google.pl
862,164,1,lfakenx@nationalgeographic.com
863,57,1,ddrinkhallny@buzzfeed.com
864,180,1,pmackelworthnz@kickstarter.com
865,743,1,ekyttero0@usgs.gov
866,59,1,tgounyo1@prnewswire.com
867,590,3,rveroo2@shop-pro.jp
868,854,2,salderseyo3@ed.gov
869,582,1,bmahodyo4@infoseek.co.jp
870,579,3,wbugbyo5@opensource.org
871,764,3,mbatsono6@myspace.com
872,712,3,cdymicko7@bbb.org
873,251,2,lbolithoo8@xinhuanet.com
874,878,1,mvelarealo9@gravatar.com
875,304,2,istainoa@meetup.com
876,518,1,csibbeob@webs.com
877,679,2,obeckinsalloc@comsenz.com
878,854,3,lmauchlineod@webs.com
879,956,1,cwerneroe@lycos.com
880,602,2,cdunphyof@i2i.jp
881,646,2,ajovicicog@goo.gl
882,407,3,seakleeoh@quantcast.com
883,69,1,twornhamoi@epa.gov
884,623,1,cspurmanoj@google.com
885,141,1,gmattheissenok@e-recht24.de
886,854,1,dhattool@discuz.net
887,957,2,kjakoubekom@topsy.com
888,231,1,ovaughanhugheson@altervista.org
889,806,2,bmatfieldoo@paypal.com
890,8,3,nloutheaneop@chronoengine.com
891,53,1,mbaggaleyoq@wufoo.com
892,189,2,fmcbeanor@is.gd
893,788,2,clatimeros@google.pl
894,794,1,rcleryot@goo.ne.jp
895,790,1,kdastou@ox.ac.uk
896,505,2,gbretelleov@behance.net
897,447,1,bbustonow@behance.net
898,787,1,bflahiveox@twitter.com
899,428,2,fbrodneckeoy@people.com.cn
900,767,1,sgommoweoz@go.com
901,392,2,kburnipp0@craigslist.org
902,825,1,ehurranp1@jimdo.com
903,837,2,tbaszniakp2@biglobe.ne.jp
904,222,1,ncampeyp3@bloglovin.com
905,953,3,rfusterp4@fastcompany.com
906,979,3,amoysep5@rediff.com
907,354,1,sloundp6@studiopress.com
908,456,3,lredanp7@jalbum.net
909,602,2,asaywellp8@mlb.com
910,578,3,kagneaup9@unesco.org
911,837,1,arudeforthpa@360.cn
912,567,3,sstannerspb@google.com.hk
913,637,2,jtizzardpc@msu.edu
914,165,3,fcatlinpd@drupal.org
915,1000,2,frooperpe@earthlink.net
916,217,3,gcheverellpf@soundcloud.com
917,513,1,gbinfordpg@cisco.com
918,747,2,svandalenph@networksolutions.com
919,707,3,svidyapinpi@psu.edu
920,883,1,gmelonbypj@latimes.com
921,557,2,ldomneypk@google.es
922,740,1,ldominicaccipl@foxnews.com
923,630,3,gcattonpm@storify.com
924,234,2,gluispn@godaddy.com
925,289,2,fkimblingpo@statcounter.com
926,992,2,mwilseepp@accuweather.com
927,113,2,hlawillepq@addthis.com
928,67,1,emcgawnpr@biblegateway.com
929,32,1,cnehlsenps@abc.net.au
930,991,2,qreynishpt@nymag.com
931,87,1,hbinesteadpu@gravatar.com
932,322,2,mmattiazzipv@uol.com.br
933,177,2,nducarelpw@buzzfeed.com
934,149,1,zollivepx@samsung.com
935,493,1,tpicklesspy@jugem.jp
936,229,1,cgrasserpz@eepurl.com
937,179,3,avennerq0@fotki.com
938,354,1,caskellq1@guardian.co.uk
939,880,1,cephsonq2@state.tx.us
940,826,3,selwelq3@bigcartel.com
941,796,3,lmooreyq4@ocn.ne.jp
942,260,1,lcastanedaq5@tinyurl.com
943,982,3,sroccoq6@cargocollective.com
944,230,1,wbellhamq7@yahoo.co.jp
945,176,1,ibrunescoq8@weather.com
946,476,1,rlowleq9@last.fm
947,770,2,cklinkqa@examiner.com
948,905,2,mbristowqb@rambler.ru
949,826,1,fcaldayrouqc@xrea.com
950,885,3,mdeversonqd@1und1.de
951,493,3,rkeppelqe@myspace.com
952,109,3,mshrieveqf@answers.com
953,189,3,elaintonqg@sfgate.com
954,565,1,rbuseqh@people.com.cn
955,723,3,rfettersqi@sohu.com
956,758,1,tkrollqj@joomla.org
957,341,3,wmeeginqk@t.co
958,223,3,hgoodwinql@umich.edu
959,196,1,bskeathqm@intel.com
960,314,3,ppressdeeqn@last.fm
961,507,3,tpalombiqo@pinterest.com
962,462,3,wmccallumqp@privacy.gov.au
963,479,2,dcessqq@cpanel.net
964,738,3,idacombeqr@dedecms.com
965,489,2,mhurlqs@jimdo.com
966,682,3,pbodessonqt@tiny.cc
967,632,1,akegginsqu@sbwire.com
968,765,1,hbengallqv@theguardian.com
969,627,1,rdaoustqw@fda.gov
970,632,2,mvassayqx@oakley.com
971,694,1,ttollemacheqy@quantcast.com
972,498,3,jcarberyqz@sakura.ne.jp
973,13,2,mgettoner0@marriott.com
974,925,3,nskader1@mysql.com
975,283,2,rheyfieldr2@fema.gov
976,203,2,pbonallickr3@123-reg.co.uk
977,490,1,hmcinerneyr4@acquirethisname.com
978,645,2,jlitherboroughr5@google.com.au
979,993,1,nscrivinorr6@plala.or.jp
980,430,2,uwestheadr7@jiathis.com
981,281,3,mingarfillr8@imdb.com
982,970,3,lattreer9@rambler.ru
983,59,2,bwheatlandra@nhs.uk
984,435,1,rweathersrb@ca.gov
985,806,1,dhustlerrc@rediff.com
986,203,2,bblevinrd@google.com.au
987,52,1,ggeorgeonre@redcross.org
988,689,3,rzanetellorf@slideshare.net
989,824,2,nthandirg@rediff.com
990,562,3,ocuardallrh@quantcast.com
991,58,3,lbedingfieldri@go.com
992,815,1,emussettirj@chicagotribune.com
993,838,1,khenkenrk@yolasite.com
994,363,3,irownrl@cnn.com
995,779,1,cmchughrm@godaddy.com
996,898,2,tallonrn@amazonaws.com
997,45,1,abeauchopro@de.vu
998,897,1,agroddenrp@webnode.com
999,944,3,vchrestienrq@marriott.com
1000,829,3,pschneiderrr@cbsnews.com
