recipe_ingred_id,recipe_ingred_name,ingred_weight_per_recipe,recipe_ingred_measure,recipe_price_by_measure
1,SQgsZIvUrkG,83.85,gal,32.64
2,leFlSil,40.682,liter,7.17
3,PYMxL2Px,52.853,mL,43.41
4,7GrnYsk,23.496,oz,17.33
5,ntW2gMVtuC4,91.693,lb,88.35
6,ZijDpMSjRN,57.888,gal,77.5
7,2f9vngN1tWq,7.853,gram,80.2
8,RFDeGTxQaPL,18.343,gram,58.16
9,B8mT3MmeO2Ky,81.759,lb,92.48
10,w8QqeF,27.663,per pack,31.22
11,b875hb,49.312,gal,57.45
12,lmBs0M4tv,74.593,gal,50.31
13,cGcwMy4Xd,14.72,mL,61.15
14,7GypS1,36.894,per pack,68.54
15,Fg0W3Ni5NMFx,71.782,gal,29.11
16,VXpnur,1.063,per pack,11.53
17,WEHDPC,75.366,liter,35.45
18,ZGfve5uuP1w,88.471,oz,32.94
19,BSVr65nuBp,54.589,gal,67.65
20,JHkccP7brWYL,41.616,gram,55.44
21,UimEivoK,51.016,gal,66.59
22,yJZSTfmhjKh,24.147,per pack,41.12
23,a2YcYSGXoCG,1.602,liter,82.73
24,auA4kxWw7Dc,88.55,gram,54.1
25,gdGGh8TOJO,19.66,gram,9.83
26,oIy0R1ut,11.548,per pack,40.5
27,WnOKOV7Ys,10.884,liter,2.83
28,edXXw9Ls,35.647,lb,48.72
29,Kz7CLT58g6,30.223,liter,69.92
30,Zr2KYIS,47.87,gal,8.72
31,dIMFDPbFRIo,46.54,mL,49.65
32,UCOX0q,52.312,mL,62.75
33,B74zBkjUL,96.938,liter,95.91
34,TUhs4OPdb,3.511,per pack,36.1
35,AmYtArSlAv,17.513,gram,95.39
36,pbIn2VBGgSd,91.152,liter,71.91
37,xzVULO7Oj,2.662,lb,46.53
38,2eoEs0,65.806,oz,55.5
39,wwzlTx6Efkn2,52.985,liter,47.09
40,vWuU0M,61.063,oz,37.49
41,5ojcd8KdwGX,1.482,oz,4.51
42,LXlWyMXv,45.48,gal,49.34
43,Fnp2z2XU,16.493,gal,99.35
44,dqFn2fUfC,22.711,gal,49.74
45,UWiLHULnm,65.316,per pack,89.95
46,jcPVZ7Px,42.221,lb,42.36
47,u59wYPwIxl9,46.143,liter,43.86
48,EB2LmBNyJ,7.37,oz,28.92
49,7gxNQiXtr,25.895,lb,20.31
50,sFgFkH,58.578,oz,95.02
51,cY1AivcfRt,18.985,liter,97.21
52,aT9KFJ,49.27,lb,42.85
53,PD1px6bZ,11.664,oz,87.39
54,f7QsrfNEzP,23.239,mL,65.01
55,gCTCplVDWUFq,68.541,oz,62.11
56,xfkXlxaQLOr,47.295,gram,44.08
57,irKSl5oGO,77.527,lb,20.68
58,H0DVtd,41.259,oz,14.78
59,9dV0k2aca,60.245,liter,57.01
60,x2l1FjrjcvZq,34.127,lb,0.98
61,10d4P8PN,96.144,mL,99.47
62,oe04OQOmeW,78.752,oz,13.82
63,Wkfc6dtA,62.738,lb,93.45
64,nJmZcCZvR,87.206,gal,62.21
65,s5yhfn66jpt,79.779,liter,72.12
66,dtQObDIxw,20.646,per pack,8.83
67,yieL5kiFaTs,29.065,per pack,47.95
68,lKMgdOhbt,43.024,liter,20.7
69,wlOThEkrEvaH,1.659,lb,51.23
70,FLDpJZa,40.506,mL,70.13
71,AdbJRUGRX,56.399,gal,85.43
72,PnFbUuveRu,18.721,gal,61.82
73,yJPMQODxoet,41.493,liter,73.33
74,FgNIWQ,23.83,mL,5.83
75,NU5UcyB9R,95.463,gram,33.17
76,D4sbMqR,39.866,gal,7.19
77,hpjAME3,75.331,per pack,70.51
78,rnH56UzwEOi,93.901,oz,98.79
79,JxiFzPff,24.078,lb,23.57
80,020yL15xkp,84.528,liter,92.15
81,UKIp8q5JCax,15.113,gram,82.68
82,WboxX0Qb,22.908,liter,23.16
83,l40FskqroS0,40.77,oz,38.27
84,6vBWNzrm8vhr,27.334,liter,45.41
85,OfjJMpi0Q,10.067,gram,59.88
86,e4tReCm3q2J,56.169,liter,84.57
87,7XHgpE3c8,59.479,liter,93.31
88,JTP7CF87,79.838,lb,12.98
89,AMR6ExcsQ,70.7,gal,12.03
90,vtiNnLuYZen,39.088,mL,86.26
91,ezqcTMF,25.659,liter,41.88
92,I62mv7Z,99.436,oz,20.76
93,KlmL7XM,2.537,lb,13.65
94,EYKL9nro6J,76.093,lb,86.6
95,2JG4J0Lztj,89.143,per pack,72.5
96,7p8m8moB,13.545,gram,89.8
97,CfoeKe,88.21,liter,83.82
98,8Ut3YHlDod7p,77.011,gram,14.82
99,6zJ8186oRtS,43.885,oz,62.56
100,25JGCwSVs8F6,4.958,per pack,95.95
101,xuW6Sp,84.108,per pack,93.55
102,N3MCvTA,49.645,oz,93.5
103,b1MxS8bN,21.499,lb,37.93
104,qpab8qBU,66.29,mL,62.52
105,KhWLkFmVBPW,14.358,liter,93.42
106,4u8XVXYSjt,60.659,liter,31.05
107,K1aGwnZ,17.008,per pack,43.79
108,NdSLrB9L,21.79,gal,15.59
109,1UfBQA,41.715,lb,84.74
110,CTAGzARECPG1,54.908,liter,5.75
111,llxz3NZw1Fy2,86.479,per pack,86.6
112,IY1tXJ,67.146,per pack,76.89
113,8TN6ZH,66.919,gal,63.05
114,P1yNtgBJK2a,91.38,per pack,63.32
115,WAbirIg827,55.558,oz,10.25
116,Z2Xq8M5rVG,50.872,oz,97.04
117,GoA3WVYXWt,44.977,oz,82.54
118,qtDVBha,50.99,per pack,58.99
119,fcmfBX3gm,25.421,oz,0.51
120,ZsB7iY,33.561,gram,0.84
121,DWSTPyAsE,98.716,liter,79.93
122,LJF3elouSlk,31.663,lb,82.19
123,rSbMvh,27.753,oz,23.04
124,bBSOJC,81.237,oz,57.17
125,CYIgDJW8vE,75.473,gal,62.32
126,FzdeBGV9aDjS,73.411,oz,39.32
127,kpkKJ0Jr,56.286,lb,50.24
128,UsUjHABJ4,52.288,liter,17.6
129,wHYCV4l1,74.934,gram,57.26
130,MRhwbQIojt,99.295,gal,5.13
131,lpiJ8fe9d9,17.137,lb,69.17
132,dBCSuXbu,86.98,oz,62.58
133,onKdzvYl,57.073,gram,33.13
134,tPJXG7,79.851,gal,34.34
135,wjzHon,15.336,per pack,29.61
136,asDi0e3lmm7D,9.961,gram,15.13
137,sLVf4Rjxjiy,72.707,per pack,93.35
138,i5YYGgGV,39.447,mL,89.87
139,uRd8Qz,38.76,per pack,6.66
140,39OzfTPpvv,96.307,gram,75.79
141,WdSXfa,9.009,oz,59.89
142,wSLwSGKAOEB,15.925,mL,20.83
143,eKT0FClYZ,66.732,oz,11.47
144,k3sTNjVfKT3,74.47,gal,85.32
145,dTljpDzgDlv3,52.921,liter,67.37
146,rRKlHyH4,71.498,mL,59.2
147,WBHVgGuztY,14.434,gal,24.11
148,kkLOidICzz,62.987,gal,56.46
149,AvKLKiP8ZHE,73.763,gram,89.73
150,hH0SGwN77,86.875,lb,98.55
151,h7Og4f,6.567,oz,25.48
152,HixkMMHvjiim,86.41,liter,3.17
153,DF0TVuEnP,10.609,gram,4.51
154,COaLFexXU2W,19.392,gram,47.45
155,T6RE9RT1p,51.252,liter,2.52
156,zBLf1d,40.724,oz,54.88
157,G9s5hQX,34.636,gram,91.07
158,0LHVpA86v,42.077,mL,50.58
159,TpuYIed8CH,80.692,mL,58.45
160,W1WHzR,34.427,lb,28.97
161,KdtDJwxb3LCC,72.24,gal,12.41
162,dYpYVew7F,73.466,liter,69.24
163,WVpwFz3,33.776,liter,38.34
164,6hlpGH,12.752,oz,76.41
165,a6UcTa7bt,72.12,gram,4.72
166,MdJwkTyZ,23.641,gal,53.7
167,BbiIcS,9.529,per pack,94.48
168,T538Dts0D2,2.925,lb,40.87
169,SC6djesuf,24.617,liter,23.95
170,NS7dIIz,28.999,gal,89.65
171,6bzNbwA6,87.005,gram,89.34
172,AEKvFW2L08fp,95.273,gal,27.71
173,yiIAIxPN5qRu,9.305,per pack,23.69
174,oy2RqOU4244u,88.877,gal,30.81
175,y5aroTWi,36.382,gal,62.63
176,wlxI706v,61.805,oz,86.76
177,oSGkZ312,73.348,lb,38.9
178,rNhgE4ioOg3,50.287,gal,50.73
179,KaRR5GVFrge,4.026,oz,80.29
180,YgW7OmPzt,28.868,gal,50.45
181,tOApJ6x1HUO3,34.962,gal,84.51
182,ZNT8PA9lSyZY,87.278,mL,95.8
183,B6pwUUN,83.876,oz,39.69
184,SbIUREc,40.434,gram,4.67
185,aLOnLclrnZ72,65.422,lb,24.05
186,5q6tPJ,2.705,per pack,26.31
187,GH2U1hd,78.942,gram,26.03
188,M2x01RCY,40.003,gal,0.32
189,YVLPYw,40.555,oz,49.96
190,t6PEBX,64.908,gram,24.26
191,XcncZl,14.292,gram,69.31
192,cwJgfy1,22.047,liter,16.77
193,XBepHkTlRM,95.841,gal,71.57
194,UgS9ZQNB1c,29.917,gal,30.69
195,9dbJXKL3ag,95.731,oz,53.14
196,3g7sU8T,20.505,gram,85.44
197,NaclgfIxB91,23.484,per pack,94.08
198,JNTmnbby,57.48,liter,71.37
199,YHZsYeSi4Bk7,19.225,gal,57.42
200,s1lAQ71,45.363,mL,78.91
201,f0I76TJnZ,60.038,mL,8.61
202,gZ9iet8cqr,3.564,oz,26.52
203,COccxSrQz,53.943,gram,81.63
204,hNlZXjK2pMR,54.798,oz,59.03
205,CmmaSq,1.564,oz,62.0
206,M6s5FR,84.124,lb,64.19
207,Z7gZ26eK,71.033,mL,87.73
208,eAEb1lNF,17.359,per pack,53.17
209,bQun2j,88.656,lb,99.2
210,7zYfBMKs,4.353,liter,64.26
211,N3VKxiIxC,54.121,per pack,5.02
212,VLick1,1.513,gram,82.81
213,Mnk0orShw,24.003,mL,14.96
214,k6DZyLBlG,18.228,gal,11.41
215,IR8StJQ,42.092,mL,99.83
216,4QLqdNWJj,88.928,mL,62.97
217,jQbste,23.454,per pack,6.83
218,9QgEBux4h,50.455,gal,27.0
219,BLq0rxt,35.372,oz,2.25
220,LvvPYS3,17.861,gal,56.66
221,qNPrH70JD,53.179,lb,72.11
222,pkXQOyYxx5DP,19.319,per pack,7.35
223,bookxkFE,20.173,oz,74.77
224,FFXaTYtK,38.81,lb,57.66
225,Zo1xY3acMUFy,34.774,gram,22.8
226,3GAjUhaW6,80.299,lb,30.94
227,xMmAEYiZ7,50.534,per pack,91.23
228,pT7mqw,17.798,gram,98.72
229,UWrqHFB,0.249,gal,28.93
230,g5yo52,51.396,gram,92.42
231,bEIWG6sJb,37.284,mL,9.37
232,HtUp3n,39.92,gram,49.59
233,X0NFb0TplU,14.259,mL,24.81
234,E5ZPX1vP1,78.394,mL,53.35
235,B8C1qNxUTARv,90.969,per pack,37.29
236,JFieKX2N1i,48.297,lb,36.71
237,7sMkl32,21.359,lb,30.97
238,FtKHHNUm0U,36.15,oz,91.14
239,FRZRMfW,49.046,gal,6.59
240,dD9YBL,92.34,gal,81.08
241,H8WjG7Nm,76.595,gal,63.27
242,4afnzzy6M,48.985,mL,21.97
243,Dt0XMyaDk2A,61.582,gal,12.17
244,VeRSkX,35.003,lb,0.73
245,sqhbFOmod,92.092,gal,7.97
246,T60liUzfHj2,57.828,gal,84.94
247,5EmDhKm291i5,30.154,liter,86.27
248,RLtyxU,62.786,liter,22.63
249,73u7J4,17.179,mL,12.64
250,djcXUGPIIcj,0.626,oz,31.0
251,5exWD1PGv4,35.946,gal,47.69
252,Yy55riT3Fu,30.014,per pack,77.61
253,HyU998GZ6AW1,66.512,liter,13.15
254,WJZA4Yfc7,87.956,oz,14.32
255,Qta9os,25.809,gram,5.37
256,HXxybAYMsQCy,95.707,per pack,52.02
257,FYWRCETEFH,45.315,per pack,93.38
258,pKW3HHI,63.248,oz,87.61
259,Luh51s,96.012,liter,63.73
260,uX0WH86C,67.928,mL,0.83
261,Fd1pH4l4,97.71,mL,28.97
262,pY6OoKDuF,1.9,mL,2.9
263,m8sn07C,64.977,per pack,57.68
264,7ZmnqYZY7,19.973,per pack,93.85
265,VB7OVlQ1yS,68.007,per pack,30.63
266,3FdDGHww,41.201,liter,55.4
267,8SmNuLSj,18.874,per pack,27.81
268,7W7LPwekmmr,5.613,gram,33.46
269,TXkv7j0FAo,67.134,mL,54.0
270,ka1fPO1QIal,43.142,mL,18.14
271,fhUFWD,32.023,oz,7.3
272,Sjddlxj,3.117,gram,10.12
273,PpO0SuO7LJk,19.446,mL,62.7
274,w9gOt9GNW4O,49.659,lb,0.95
275,lsZLfN,98.208,mL,80.33
276,3XOIhs,93.422,mL,63.13
277,5KE4wJ1e6,41.366,lb,1.39
278,cBXyMEYU,61.109,per pack,42.71
279,1wKl0d4kZPm,77.765,lb,31.53
280,SFMssYTzY,24.587,mL,57.78
281,GBP9jmJo5B1,45.152,per pack,13.6
282,2nhwKw1GKC1,7.229,liter,39.96
283,T5S3MTl,5.912,mL,0.62
284,sj0O9Tds,74.545,oz,76.51
285,TbcEXVFqdHg,15.909,gal,10.32
286,n85lW6iFryIW,85.852,oz,63.89
287,riAJV2qMv,25.513,lb,25.04
288,vs1hQnvRi,52.637,oz,37.56
289,56GhcmiJEwX,45.439,per pack,45.92
290,07Wsvnrd7kz,41.821,liter,98.54
291,bdlmbJaViob,19.184,gal,39.68
292,0kuf1Kf4B,0.529,lb,67.3
293,cuK7SB,64.174,lb,10.74
294,m0DJ2R,44.071,oz,57.04
295,476UDewtfVW5,30.041,oz,14.17
296,RAX3fkY0yja,85.879,mL,22.14
297,6Uky7jjj,88.044,liter,49.02
298,ndbLZZlDO,95.851,gal,19.6
299,5SNdSuK3W,81.8,lb,90.26
300,4HG4bzzON,1.59,liter,62.19
301,W0qtXAv,29.451,gal,15.57
302,fvWAlybYCX7,71.03,oz,96.84
303,p5h96r,26.037,liter,34.19
304,UwrjAhkbge,14.546,gram,11.28
305,WY0Ze0t1,99.385,gal,52.81
306,PkZMBU4s,72.616,mL,0.25
307,gPCbrLuDptv,16.978,gal,23.03
308,RKw75z,15.274,liter,75.6
309,y9dPa9ti,18.509,mL,19.66
310,oGOqfM5Gz,72.047,oz,79.56
311,GRtTONoCh,72.462,liter,13.61
312,hzEGvJV0,45.251,liter,60.37
313,Dv7iYQ,55.858,mL,91.06
314,InVOBevbx2,45.275,gram,17.44
315,1nFiAmYJh4B,3.903,gal,64.05
316,70G4GoKD,36.25,lb,69.89
317,oq53Y1jF,2.4,mL,93.6
318,BafEPJNRT,63.799,mL,98.05
319,hzw48NI,37.666,lb,20.15
320,trcSRM,38.853,oz,34.59
321,jivUyTbB,55.674,lb,74.49
322,rXcIb6VsyX,8.195,mL,19.3
323,BJhR7v,64.653,oz,71.89
324,FgzvPu,20.025,oz,89.1
325,ralpRicRHeo3,7.374,liter,23.31
326,NqBD9hK9xJKy,33.201,mL,80.41
327,2dXrfUdjX,88.552,oz,1.77
328,aR1viuHx7,86.133,gram,90.86
329,xibtVs,13.81,per pack,28.25
330,N144QcukLCEX,21.579,gram,99.08
331,I5M4tg,56.743,gal,53.05
332,ORplTvfN,75.732,mL,82.37
333,BPBCgq0kg,84.516,gram,15.1
334,3At4ElA3vc,47.193,liter,1.04
335,Me1kOB0QfHq,51.884,gram,22.54
336,7j1XbtO,65.764,oz,89.76
337,EMM6Vz7GoeA,33.985,gal,52.23
338,FBy8Hwk,87.265,gram,50.76
339,xTbnmY1APBC,78.909,per pack,93.56
340,WTDb73XA7D,72.496,gram,99.62
341,xDfENkjHQ26I,93.365,gal,73.36
342,aPw13AIkcUt,11.647,gram,62.49
343,haFLLhN8,93.972,lb,90.8
344,8hZPXtNUnfU,55.029,gram,50.85
345,X3lIAKy,3.437,gal,94.99
346,Pcrn32E6I,42.445,oz,85.29
347,hPl9lCopE,0.806,oz,58.38
348,NsxB1zG8AaKj,97.723,lb,36.56
349,LrzY5R7c,64.646,gal,59.29
350,qrh6wmBpMhV6,5.719,gram,6.63
351,eJuRSUUWY,45.759,per pack,82.73
352,14HATpmCxFKv,37.61,liter,6.63
353,DmnS5m,69.515,per pack,54.59
354,uVX75MnPnDeC,99.604,lb,4.01
355,qLKMvtNX39,64.492,gram,86.25
356,CdiaN3J,23.55,liter,71.47
357,iQ8JVwk,42.538,liter,2.06
358,tBrVOWSgq,89.507,oz,47.39
359,jMoWdmzbZ,46.793,liter,15.05
360,9BcrmK1xQu,24.858,gal,34.89
361,499xbulG,41.209,mL,69.96
362,sLijTVEO8,60.226,lb,17.08
363,C9XnKne,42.044,per pack,44.44
364,ybFOXkBN2,3.924,gal,93.47
365,aPcr0igkJ3,63.485,gal,63.11
366,ctaun3MhFD,43.512,per pack,10.25
367,XNfVTP7E1S,43.363,lb,53.08
368,EboLnr,49.247,gram,45.31
369,cfTjXt6,13.297,oz,15.54
370,Al5tHJAXJzu,77.702,oz,76.4
371,3fDSRrAN,23.117,per pack,29.9
372,7bOSIP,24.6,gal,50.4
373,Xi6NDxUXNF,75.245,gram,53.88
374,2heKH8Q3,43.643,lb,45.88
375,ItH85631cHxf,3.744,gram,15.15
376,jp7Bm1itc5WS,1.188,per pack,92.86
377,ypQI4kL7,8.858,per pack,55.34
378,t65esSIIP,24.361,mL,59.87
379,kbjxyB0uE,6.342,oz,91.35
380,GhmYMizZZeYr,86.948,liter,23.28
381,tHUFxsSP,94.162,per pack,91.48
382,UahFqVoe,19.68,mL,17.15
383,M1djCU,10.785,liter,2.19
384,WqettoEK,93.177,mL,69.93
385,4lg49Gca,37.53,mL,13.35
386,9do95AxMt,32.96,gal,31.83
387,xyc9azpd,89.426,lb,33.41
388,tpD2X1JZt,53.56,oz,74.96
389,WpJzxKk90Bf,68.745,liter,4.22
390,yAgICOR,92.53,lb,6.5
391,C6mJH0B,63.742,mL,74.25
392,OvK2zv,51.942,per pack,75.85
393,QLGD5i8Dd7M,37.138,gal,54.47
394,m2X6KWh1N2,70.271,per pack,50.79
395,l7Des23,62.926,gal,6.01
396,75Dhyvu,26.635,oz,49.14
397,hTFadIUMFf,25.747,gal,56.97
398,4wuvB6hC3,97.98,gal,79.56
399,SfWzNZ6,58.508,oz,24.43
400,tF5LKDQ1mY,35.827,lb,47.57
401,8Lp80guoW6gH,4.956,gal,12.53
402,s3Mtwyn6,40.435,lb,45.69
403,aEwK2Cx,73.231,oz,75.14
404,mstTWuXSODgr,53.858,gram,58.02
405,OXrArXBGnDJF,13.654,lb,80.35
406,Wq9P6c,72.757,gram,3.25
407,YrfgVaK,71.038,lb,42.86
408,XdMSlWzm,89.757,liter,49.33
409,Sm3UmmGQIx,1.885,per pack,18.89
410,Aq8499,14.521,gram,95.34
411,t7RvJXdVlC1,23.153,gal,53.88
412,pVENWjYGQ6a,3.2,liter,17.32
413,6ejJ0NDck5x,11.067,gram,53.93
414,HWRzUTE,78.007,lb,53.46
415,0qDI11y6g,77.598,liter,34.32
416,nyGZmk2L20T,97.285,per pack,93.74
417,op90O5YjzK,57.429,gal,9.2
418,vKrkQ2GkKljN,84.232,per pack,52.88
419,kItwXtKrF1rc,63.687,gal,84.95
420,mdivaCxBWn,63.048,oz,47.62
421,7aubzzk,13.391,mL,16.05
422,rmNlSokbo0QJ,74.659,lb,28.25
423,nMNCalvoCc,3.059,gal,68.9
424,nUIHNa8B6PhV,20.17,gram,29.63
425,oxa88xGFs,59.072,per pack,33.54
426,un10KLDgstH,96.611,oz,37.26
427,iJDO3YU,84.402,lb,0.54
428,i6QfWTO,9.368,oz,93.04
429,TndhxhW8Omv,31.283,gal,54.91
430,n5K2aCzt,27.52,mL,69.88
431,SAO8uJ,52.582,gram,4.14
432,PUgi7XKg,45.398,mL,34.36
433,w2FeQn,76.256,per pack,7.19
434,IQvW2pgv6bcf,96.106,liter,71.11
435,EW4af3j,73.486,per pack,55.5
436,HtFh5dMqRN7n,37.632,gram,89.33
437,ALtmLExUL,91.876,liter,55.17
438,7ksYO7SUP,47.457,per pack,74.45
439,H30yXxTXd,56.505,gal,44.37
440,tGWCUR0JMN,90.897,liter,59.21
441,fT46nY7C5,59.951,mL,73.24
442,EtS7geUiYNbH,1.25,per pack,38.1
443,AJMZsjU,59.051,gal,82.36
444,YHf3eKUeT,78.428,per pack,47.28
445,3gL6C8RNLBBT,44.7,oz,4.5
446,CLw4GttAGWYi,58.197,gram,91.04
447,oabMnnBQXcf,29.58,oz,39.93
448,W4OEIRbyySV,90.789,lb,35.81
449,BUk0Ozx,38.101,gal,23.86
450,NauVVs,47.131,gal,40.23
451,jDKiz0MSYyX,3.826,liter,65.87
452,u7uANz9aIw,98.581,mL,1.87
453,ntPV50,44.517,mL,28.97
454,nlLeatis,36.327,per pack,85.03
455,nzKObdz5uo,54.085,lb,53.31
456,EblIAo,50.843,gram,4.05
457,X3ixTei,87.047,liter,24.55
458,a2Rd7u8uY,27.111,per pack,37.27
459,FivzV08ixbsT,4.448,mL,54.19
460,Ie4GQajV3sz,71.518,lb,24.6
461,74X5gyvb,54.499,mL,87.92
462,77BrHPxr,66.562,gram,54.97
463,1Q5V6niFsTy5,17.396,mL,89.44
464,azImPE,18.943,gal,40.66
465,iceHM87,32.669,lb,11.42
466,TWea9C3Mjoo,81.681,gram,85.35
467,nL4qqT,94.872,gal,96.93
468,GlLu4HRlh,15.05,gal,72.27
469,BwBWEH,68.479,lb,43.51
470,2yIF9WRpx,43.621,liter,61.48
471,sZqauga,37.47,per pack,36.82
472,HxrOQk,11.714,per pack,44.73
473,Gc29eJRpk15y,35.861,lb,81.7
474,HN1CITY53em,4.973,mL,78.62
475,SN0LYt1Qa,58.464,oz,2.39
476,Lg8KaF,1.086,oz,23.01
477,zhqv7u,18.452,liter,76.43
478,cGnGpimS92uO,40.749,mL,45.93
479,pKMjwxGlXZg,28.673,liter,58.82
480,B8I0u1HYBay,88.686,oz,43.57
481,GVr60I,40.871,mL,24.74
482,EtZtwW,30.775,liter,92.67
483,C1yaXB5mz,88.259,liter,41.65
484,YdcQjZkX,95.477,gram,93.29
485,EJEEP3lCfYae,4.845,oz,11.37
486,kv9LA8,75.904,per pack,13.56
487,7F3xk677fkd,60.626,oz,25.76
488,T0wMoeV,32.786,gal,78.83
489,OnRcnGFFYZVr,80.125,liter,59.43
490,EpL4MgF8,53.874,gal,76.12
491,CdLbSaX33Z,90.252,liter,3.75
492,RvKd5hH1Et,8.453,oz,36.96
493,SrwuvF,16.831,liter,29.88
494,whGIEEl01,48.978,gram,47.86
495,ZQ2q1JXHWcbD,33.203,per pack,26.41
496,gsk5BBRB,6.47,gal,62.27
497,8aSUW12UG,82.949,mL,28.09
498,m0M1lF3I3Ih,16.935,lb,74.55
499,VUJxKHVZY8R,21.0,gram,11.1
500,AzuGkCsLudt,98.957,gram,24.33
501,mMBb8NiXM,62.067,mL,20.59
502,2nw7724GbNP6,78.295,lb,66.21
503,uPvp0zcD3z5,54.85,oz,67.91
504,CMINRN8,65.087,oz,39.96
505,k3Xo3vrRzAI,90.547,gram,65.87
506,7N6S5GT,30.098,liter,70.67
507,mxgxO4VGuya,9.208,gal,67.39
508,iH6yZUO7pE,35.638,lb,0.38
509,SMAPpLW,65.415,gram,75.63
510,nuRuXX393g,6.697,gram,21.33
511,svCCgW,20.328,oz,48.11
512,VE9ItSoD,47.814,oz,70.25
513,UmE2Z76a,50.486,oz,39.55
514,7C4pQV,34.119,liter,85.19
515,3F9OZzsW,4.635,gram,2.98
516,iDWW0N0sBh1x,56.127,gram,7.2
517,79ibJh,90.901,gram,78.74
518,ojrdIteSsJ,52.874,per pack,45.55
519,SNovw3hhI,88.185,oz,17.64
520,1xdPD5uHv4,13.974,liter,94.74
521,yURqKMk,76.388,gal,71.6
522,80LoK1VwoWkl,84.78,oz,84.14
523,f4IKuIfkQs,99.271,mL,73.54
524,dq5TKi6vlK,10.923,mL,31.64
525,IEoC13eERRGk,18.565,per pack,71.28
526,lg4RNJh,2.613,mL,24.16
527,qZlR5gARb9,55.124,mL,84.43
528,xOw8IY,31.991,gram,81.62
529,wjliTS,8.532,lb,37.66
530,cuKlAd5TLP,41.196,oz,64.71
531,dH88Ew,27.401,lb,18.25
532,ZH1Idh,10.31,per pack,60.47
533,nZsPW6MXY,39.135,oz,71.46
534,3pcm9oPC1peC,95.365,liter,87.81
535,zF35E7AumT,15.119,liter,89.07
536,Lthznngd,12.434,oz,79.45
537,kXSxwDhV,64.157,lb,77.38
538,2ceJRb4D,95.751,lb,99.54
539,YY1VXgG,86.152,gram,43.32
540,XTU9T0H,91.414,gal,53.58
541,QrjvbU9B9,40.335,oz,80.66
542,zBdWmQ,30.262,oz,44.84
543,HtGCYZM6X,25.875,gal,89.75
544,iz8V132,97.065,per pack,30.45
545,Wxpibr6tQzT,81.093,lb,17.96
546,06XUOWxe3l,23.9,gal,35.81
547,iIqWXoZ2UNo,11.36,lb,37.74
548,cBzn15TeHL,98.044,oz,86.03
549,ZVDB3QlLP,37.785,per pack,46.15
550,rCm4EFhi2W,39.878,lb,61.9
551,j0MGmuoM,53.818,liter,58.22
552,SF9zIx2OBAj8,33.83,gram,15.94
553,hx48JQtNXsto,89.126,gram,67.75
554,b4sSq1Sbo,25.556,oz,48.79
555,w3w0rvRz,63.243,gram,2.35
556,DHhhWW0DNsy,24.041,oz,38.29
557,sIENLM,17.037,gram,5.83
558,HMnMcq2XhU4O,4.382,oz,87.42
559,K4DDSQ0,46.842,mL,24.59
560,pR4GYpYrB,0.88,per pack,39.56
561,rFe0CjSjS,88.944,gram,5.03
562,pB03NZ,20.182,gal,71.15
563,M8LY6E00bqh,35.655,lb,79.19
564,8ksODD7d2L,85.601,mL,62.61
565,CL1nU37UouX,34.049,gram,42.52
566,3yiV6wDFl,41.226,gal,52.64
567,eGP73Mg,65.318,liter,33.21
568,WztPI1yLb,77.43,mL,59.01
569,WCAD9mytsyjl,54.696,per pack,90.9
570,q3vn8xfR5,19.877,mL,30.83
571,Z3oWXIGl5,43.624,gram,56.61
572,TT2FqaT,66.651,mL,48.72
573,HbWZyr5xr,48.817,per pack,72.12
574,wbatUnZ,74.424,gal,91.09
575,8sNFlsgHAAz,97.094,gal,22.66
576,lCbMvpeDk,58.044,gal,29.51
577,G27GchjY,93.643,mL,24.45
578,wZ9SRrp,91.205,oz,10.45
579,wn5HWg,27.24,lb,72.77
580,nZ3X6WAd6ouo,43.352,gal,19.7
581,aPxCDjazSkN,46.137,liter,75.0
582,4dYbEiPls4,13.879,oz,40.46
583,bHSNop8lQ,62.274,gal,60.81
584,4wqiXTMr,32.897,gal,4.52
585,NvCAC8DiH,70.549,per pack,14.81
586,L8jVZj,92.99,gal,15.57
587,peliTN3x,87.997,per pack,17.69
588,xi2ATkBU,65.879,per pack,89.63
589,XAwjUlKiRiZU,69.186,liter,86.54
590,djCEGF,37.038,oz,76.31
591,6AhhQNbqP,90.735,gal,51.6
592,wAmjhUCSni,67.745,mL,85.19
593,xTw2u3Rr,12.75,lb,39.01
594,YYt0hIL,93.499,lb,43.61
595,dOJsH7KW,78.223,gal,9.01
596,RpRIjH,8.743,gram,83.4
597,l7AbosrvY0,60.866,mL,69.73
598,NEy8gAZ2sPKE,0.6,oz,6.84
599,H8vti5Dokr,61.225,lb,35.8
600,5MCILcG53A71,95.948,mL,38.99
601,ZBNQngw6Fdd,48.365,oz,56.71
602,lxTFXhcT,76.255,gal,19.72
603,SQiPfBYOrV,82.194,per pack,61.65
604,E56OJhw2kF,29.74,liter,44.0
605,YwtaFtgU,51.475,per pack,77.74
606,p4SXRoHj,46.357,gal,60.36
607,3JTtF6UUW,65.851,per pack,43.18
608,kGfIxzD79g,89.566,gal,75.03
609,eUpaP6K2mS9w,0.5,liter,2.42
610,rMccJk,11.584,oz,70.76
611,GwRkLETW6Xu,33.089,lb,56.86
612,SJcfeN,41.523,per pack,84.76
613,dwB4G5Ayb9l,31.955,gal,37.16
614,qJ1cgvVIcl2,13.681,mL,29.7
615,H7zQevRZh,16.222,gal,74.74
616,2EpGVq,32.717,gram,67.44
617,r1XFDMML0KFm,33.056,gal,93.48
618,IWGwA17I04f,7.061,mL,42.27
619,N69LIUf01,25.44,oz,45.01
620,hlKeDlSBUAx,7.495,gram,12.36
621,sDr9U0,42.123,gram,27.98
622,V7oR6mAYn57S,29.426,lb,97.9
623,ApASZ816WU,95.717,lb,20.1
624,fS7AqREUbBLC,42.004,oz,4.71
625,Xt7VqwHxn,77.553,gram,81.21
626,ugm5eG9RxKt,45.561,oz,82.7
627,w0KG0kCyxI,50.111,mL,10.16
628,afqk7zsf,37.071,lb,59.13
629,ncT6GbQY,64.442,liter,47.45
630,GlcqYwEQ,52.148,oz,51.67
631,9gcAlq59eoxG,78.222,lb,59.6
632,ixppAj8P0f,82.226,mL,92.33
633,y1XvparA9gwt,73.242,oz,17.71
634,aUx6rIPUQCJ,61.821,gal,65.32
635,H4WQ7UObxM,40.885,oz,89.16
636,l3OTLA2q3,7.227,gram,83.33
637,NYP6AGFznxlK,96.169,gal,10.62
638,o2IyPj0,29.359,liter,61.52
639,5KI1TLZr8,69.639,gal,5.27
640,icyYrKJ,80.038,mL,33.03
641,WCF3y1y,74.317,oz,46.19
642,9E1SeQdyr,2.862,oz,46.42
643,HcqAe2b1nR,3.802,oz,43.47
644,XY7Fovqa33,16.391,per pack,83.68
645,O239rEe1T8Z,90.581,oz,57.29
646,CWXPpfG4se,49.563,per pack,46.76
647,ivxVUp,21.408,liter,56.9
648,boZVeox,7.431,liter,98.37
649,dq0iupU,83.82,mL,7.69
650,aeHEo1F,57.268,per pack,28.97
651,hQvdhV548O,77.462,gram,84.13
652,ywRsLJCEpauL,77.127,liter,5.86
653,ODd0fSn,97.691,per pack,15.7
654,XVT3Z1ly47O,68.13,per pack,75.2
655,wkOgf5jWlB,7.889,mL,4.9
656,UBNZ6VFzvp3I,39.765,oz,49.65
657,DJQTO9j,67.4,per pack,13.72
658,SuzvJodWku,28.972,gal,76.0
659,LCcf4wTyREs,79.346,per pack,58.51
660,GMQezmEi9fM5,7.198,mL,65.31
661,B3aUk4h,62.297,oz,39.43
662,eyvCQXi,55.389,per pack,86.67
663,OtyIKHN684O,14.622,mL,44.6
664,UyYVQEw1,62.422,gal,69.97
665,tWx7RNjN,8.764,oz,93.3
666,GLoD3c8r,56.29,liter,76.91
667,Zx0941T,59.791,liter,45.8
668,XUK32z5KcikB,76.64,liter,44.5
669,h8WRQlP8,84.653,gal,72.09
670,XPQWMs,30.845,oz,15.46
671,2wBALZFiB7,12.779,gram,17.3
672,V2A9dW,35.121,lb,38.47
673,B68ap6,91.617,gal,59.82
674,ZgtLtIGi,43.753,mL,31.16
675,m58ppf5c,96.17,lb,43.08
676,RwJikst4g,3.789,liter,43.8
677,9QpAs1EC0RUa,75.629,gram,4.32
678,LeDgt59Ht2,17.848,liter,82.05
679,Wj7vPgn,8.611,per pack,33.7
680,0OCnxjw369,25.311,liter,39.03
681,NKSA8GK7FCEd,65.683,per pack,91.13
682,JbVs1IeVW5t,9.719,gram,12.77
683,Ye4jwKj8nCd0,59.054,gram,30.71
684,qwL8XaDf9,5.076,liter,9.81
685,ZkqSR4H,30.431,gram,10.82
686,kLyMqSl,69.636,per pack,20.37
687,QbMzhwi,72.368,per pack,70.12
688,mY9BAqd,95.095,gal,72.78
689,jjb8me,57.989,gal,26.44
690,Nm45reD,29.168,lb,30.53
691,uMYE5P,82.105,mL,76.71
692,sMmDkDj,67.516,liter,35.1
693,3EFkPT,27.461,per pack,97.93
694,zIaIKwSoQBpI,72.097,gal,0.27
695,6slIXWW,33.934,per pack,13.35
696,znefxVeIWvyI,64.623,gal,9.86
697,mk5eR1aUxwl,61.768,gal,52.25
698,F7Qx0evbV7,27.331,mL,73.17
699,lu16qJ310C,69.206,liter,32.25
700,aziAVzct2,78.808,oz,16.17
701,IkKMj3Ck9jsz,40.602,liter,95.48
702,fVrUrL42A,35.079,liter,57.42
703,xyYWwMe1Kazl,11.056,liter,60.74
704,0JFwvKz,80.802,mL,91.78
705,ldY6BaPDmzr,62.751,lb,65.07
706,UQuC3hXJy,34.834,oz,28.63
707,z2d3CiQ,40.947,lb,33.39
708,Nb94DPwnFxDV,89.352,mL,89.37
709,RxbXCZcV50J,63.505,per pack,3.75
710,y863To,4.229,gal,79.83
711,tCkXiqfEnhP,31.126,liter,20.88
712,1VJ3gRK,37.832,oz,58.98
713,K6U0QgnJ,36.487,mL,50.96
714,2irrWJkC,54.736,oz,75.39
715,NWxRQB,87.629,oz,8.57
716,jO0bSHQ2W,0.519,gal,53.04
717,XCAKoSJEY,25.146,per pack,18.57
718,4M8nVbSk9vZ,99.184,gram,10.24
719,kV5xO9N,26.852,gram,54.57
720,TZDZ2XIdar,97.893,liter,11.49
721,aV4hO2,90.856,oz,71.35
722,S4YEaJ32E,19.184,gal,18.36
723,pqCn1Fitqv,91.438,gram,11.86
724,w6X8gl,23.681,per pack,5.14
725,S8rd5P1lguV,56.338,per pack,97.63
726,8nGWX8D7UOH,57.389,liter,75.74
727,tnkz1Hqq3h,76.014,liter,8.41
728,1SKAfJVvP,99.364,liter,59.84
729,R7iovpcfQ,9.008,lb,80.37
730,MrrJrZpIS,0.45,lb,86.24
731,6qdtD2,47.766,lb,43.47
732,kaYjYmhz,48.042,oz,44.84
733,YSY9gf4f,31.036,mL,14.48
734,CnsHh0mSO,21.9,gal,93.82
735,z9vFal4WYq,89.063,per pack,28.02
736,1MXnqnQ8V4ok,98.188,lb,92.06
737,5mA2Zmj,31.742,lb,27.55
738,HlHmKBgq,58.572,mL,29.85
739,MIykIt2ti2,28.797,gal,12.51
740,FBLUHQ4I1,16.092,mL,46.13
741,wyO76aEZdGUW,41.913,oz,70.04
742,rJYdJdQM,58.488,mL,60.95
743,hZjVXcoG,90.327,oz,54.1
744,9Xgny0o,53.453,gal,84.55
745,qOegzt,50.273,mL,3.46
746,uTsFtmRn,97.237,per pack,66.81
747,p9JNsT,34.258,per pack,68.04
748,vVllISD,89.858,liter,74.16
749,N9ReeWikND,19.389,liter,99.78
750,q4lz8wQc,69.183,mL,39.02
751,9Hin8AK,85.341,gram,65.49
752,IBD6IzGrk,75.717,per pack,23.81
753,mFzS26FxW,85.203,lb,21.12
754,hJfJ29UAu,65.837,gal,48.74
755,DjuLYfjrBdv,40.292,lb,46.29
756,Tt18iIR,52.507,liter,5.68
757,NzKEToPnjN,15.267,lb,54.99
758,3v95ib60h1G4,24.022,liter,21.01
759,r74FdAZd1t,40.109,mL,76.48
760,l9piqG,36.441,gram,45.28
761,6Pto8xT,68.336,gram,87.04
762,IhRPCNlEacM,35.597,mL,52.88
763,w4BBEbuq,32.507,gal,92.84
764,dbFT2x7c,22.899,gal,90.4
765,aaZuZ95yA,61.095,mL,83.08
766,53zFRnf0,19.405,mL,63.69
767,znu9eeAe,71.799,liter,44.98
768,Ja3oCIli6,66.707,lb,53.98
769,RGnOf4LDp4,75.625,oz,48.7
770,UvpD48XcXog,61.486,gal,7.45
771,d0zyuAJ,44.052,mL,75.62
772,y5zbBL,73.983,gram,40.43
773,zWvZE5zlE,37.45,liter,87.38
774,2h7F1X,98.748,oz,37.4
775,zx94KSMR0v,97.699,liter,23.96
776,nngETI6XUd,59.059,gal,56.68
777,Nq1tca,57.146,oz,41.83
778,FKvi7f,52.863,per pack,4.97
779,TQ4s40,85.942,lb,92.09
780,8MZHialan,83.584,per pack,73.84
781,xDGCyp6QD,67.536,gal,30.05
782,AVPlr3,25.039,mL,40.76
783,e8eR1HPl,79.468,per pack,37.64
784,2dmlCBfxp0,62.501,gal,79.52
785,AfWhxSW2Bd0,83.215,oz,29.59
786,mdv6MYRPz,46.678,mL,15.41
787,CQTFYw,46.792,mL,5.66
788,CmoH3o,9.961,oz,29.15
789,pL2QBJl2e,73.633,gram,55.72
790,xAojS0Ua,66.458,per pack,76.39
791,ebqVFKOlSyZq,73.914,per pack,16.12
792,07SotOuitK,95.295,mL,76.98
793,nXQthbl,90.526,gal,98.82
794,vCxtBU1sO,74.308,liter,68.06
795,QUPuQEBBuaw,96.862,oz,73.02
796,pv64EGBWr,12.157,lb,92.17
797,DDbZl0S1N,87.806,liter,71.23
798,oLB4UD8a3,53.028,gram,31.96
799,MdC1bd,61.174,per pack,99.01
800,9v2WBJqdUrk,44.13,lb,88.99
801,14UyWR2LTx,36.294,gal,75.36
802,savnnaof,62.585,liter,73.85
803,1A7eRzU0V,44.857,gal,23.76
804,By7mXHVUd98Q,85.134,mL,17.99
805,4szjyY,75.965,liter,69.88
806,ObMRhD8,2.34,oz,92.37
807,h69CJXga,51.138,per pack,71.67
808,Jp8dphGWXAo,83.532,lb,67.11
809,5AHd3p5vp,4.729,liter,63.72
810,CTe0bPVRbl,48.809,liter,73.03
811,bslxwYUYq,97.738,mL,17.47
812,vbRltVElNW,34.012,per pack,81.78
813,Q0FucF4,21.142,liter,69.25
814,IS5i8AsR,61.473,oz,12.1
815,zR9RY9,57.468,per pack,64.82
816,z16WCqy,88.425,per pack,1.5
817,7roVrDGeGA,55.65,lb,79.85
818,8rmjTCTqFqL4,33.301,gram,35.69
819,ZNR0IMd7kt,87.356,liter,85.72
820,SPT67LyJJJ,21.968,gal,33.26
821,KlaaVhsw,10.382,liter,78.14
822,xpAsNAR,12.926,oz,68.51
823,mLzNLA,92.44,gal,4.88
824,UgBvdwpICg,36.904,lb,40.85
825,JEoLY1,58.841,gram,97.87
826,0G4K7FP,92.076,mL,52.95
827,YoszWGGGR,86.682,oz,40.74
828,A5TcUhDlk,90.698,mL,54.48
829,oZUJ8oR9,17.397,mL,11.12
830,od4oZ2,29.974,per pack,42.48
831,XyrNBZ,20.769,oz,86.63
832,5KdAS6D6frI,68.825,oz,82.57
833,dxOipTGYVm,44.44,gal,53.37
834,EcDQZI,44.167,per pack,35.59
835,UfA4hH,82.136,mL,6.84
836,Uw84Jn8kPag,73.34,gram,48.99
837,wvFrdML,4.41,lb,63.0
838,Tjjk9CIQbocO,44.125,mL,52.16
839,px9HjW,38.854,gram,4.09
840,hCNaUxgCpiVc,2.908,per pack,54.29
841,LXBelyqnj,17.593,oz,66.8
842,nMBJ5OQnS,13.247,per pack,29.6
843,dmvyXc,3.947,per pack,17.02
844,PZwpOeH,77.934,mL,81.06
845,Ys0jhDHk,29.466,gal,22.96
846,fNaygdEv3T,31.89,mL,47.22
847,qtcj999,44.044,mL,0.44
848,wZrCBU8DHJ,30.351,gal,16.89
849,mc23sqb3o3,85.153,per pack,93.5
850,BgoZtafCem4,96.882,lb,34.59
851,x5yo7svXGC,28.519,gram,44.94
852,1fzp3Om,68.87,oz,80.15
853,Tdhddmk9,67.449,oz,96.21
854,qlWH9d2,93.951,oz,70.45
855,O6QnnIHEaLwj,34.722,oz,60.76
856,iA7e3oB,21.451,oz,37.2
857,dZDS8OhXd,67.971,oz,40.23
858,FH3jTMngQctf,78.27,per pack,57.94
859,WanLug,43.885,gal,87.22
860,mNoDQpYM,33.568,per pack,25.47
861,87TJr1x4n,32.256,lb,3.55
862,yiBHHE,12.061,gal,15.88
863,2CvSCnU,37.809,gram,52.82
864,ibOCKhNm7D,32.309,per pack,75.53
865,XUiC8bbkCHl,88.932,oz,24.42
866,lzSd8Nl38,51.776,lb,37.71
867,2eWo0s,17.149,liter,37.51
868,RgC44cl,33.587,oz,14.12
869,FqFATb1,77.078,liter,83.96
870,jY9fYZsoXTYg,86.357,gram,24.64
871,IqJpNqRL1,74.531,gal,99.3
872,M8Ss6tsWy,35.2,liter,13.74
873,6s9sjP,99.36,gram,92.89
874,Qf9N2Z,98.152,per pack,4.37
875,uZ3gZarnkPP,66.947,oz,81.87
876,kf9jxu,81.08,mL,89.4
877,IXIT5lRf4,75.138,liter,83.77
878,iicLYOfXkKi,55.905,gal,81.3
879,WvOkZA5X,20.81,gram,88.7
880,4uFQiSCo9Qt,66.066,liter,70.83
881,FjtWAdplwT,62.295,mL,21.82
882,QfVmVkopflR,5.079,oz,86.28
883,aYytx3MHpk3I,96.158,liter,32.33
884,xNCft7OKxUJf,14.872,liter,2.32
885,m3fcGWOdIC,46.749,per pack,77.07
886,RvYkHOfi,39.865,mL,70.71
887,buulJO,93.181,oz,49.89
888,mhILAO,98.307,per pack,49.6
889,bjsjGQTljAH,42.165,gram,12.68
890,x5xYGQgB,10.425,oz,58.66
891,S62MZhD,5.409,liter,13.66
892,fkDWAuHj,34.503,liter,82.37
893,xlXVkLl9E,42.117,gram,60.74
894,V2L9Wfate2ou,25.211,lb,82.14
895,wOIZMpgHEF,21.884,mL,92.92
896,9SlcLIqiwhT,37.899,liter,26.47
897,8lKp09Paz,58.093,oz,16.52
898,Xb3meojfJne,10.828,oz,31.09
899,WVyrUu1vxWt,1.562,mL,87.19
900,0JOAsU,57.951,liter,29.46
901,oDUD3DK3RfUN,43.735,per pack,39.62
902,i5OhMmjJUHE,19.232,gram,18.14
903,utca4BehQrK,65.046,gal,62.94
904,KwpHSZf,50.566,lb,2.71
905,MHtBcZ6,42.937,gal,32.25
906,HE8zALxm,77.782,mL,45.38
907,CZZx7WX09Tr3,73.927,oz,31.77
908,iMlQm7kDi,99.034,per pack,70.18
909,pIgEycEQhnRy,56.076,mL,25.85
910,RG0Ouw,74.15,liter,51.66
911,GMgxoxs4P,80.376,gal,70.84
912,5VHFLIAb,42.087,gram,85.31
913,UyETgzmI,87.804,oz,32.84
914,BIS6lq7f,45.265,lb,39.57
915,mCEKnz,46.423,gal,64.45
916,P349VzJVO,85.498,per pack,30.99
917,0eX9xydoGUQj,51.122,oz,28.46
918,fwtiHpuu3,67.885,oz,68.16
919,M7TBkENV,99.131,mL,15.18
920,MthzWYxZnP,17.514,lb,2.84
921,WqvAjBDnGTeX,64.201,gram,15.22
922,0Vyo6Jzy,73.924,gal,85.73
923,mA258G,87.653,mL,51.77
924,lwtZALapxS,54.02,gram,68.09
925,aKW6JBgeVr,31.181,oz,40.69
926,PM4LSD5,11.837,per pack,17.68
927,C1Bw44lH7mMZ,31.885,mL,45.74
928,5zNgkTwX6JyY,61.387,gal,63.31
929,WMiPtjob9,0.998,per pack,71.13
930,cQank75fCU,36.894,mL,34.63
931,Xhr3HtCU1,87.312,mL,10.08
932,9FTSokqI,30.33,liter,29.9
933,i2KQcvoYkUfE,69.941,mL,20.19
934,ZuChTdVxP,54.252,per pack,33.63
935,nPN4jkM,68.044,gal,21.35
936,9WcbeJ7,17.942,per pack,25.98
937,Zx7D60,80.537,gram,27.54
938,Z1aoIkGeBJy,29.455,gram,88.61
939,N8Na1wUN,65.981,mL,47.03
940,g9WLfylfN,22.622,liter,13.93
941,sYgqlZd,9.266,liter,54.94
942,3ioOhrGO,77.672,lb,49.25
943,TaxZITwzMNm,97.043,gram,12.35
944,uFBXFez,0.182,mL,17.5
945,WzRyYaTR,68.024,liter,3.77
946,MzrsPwBce,88.878,gram,11.38
947,JXuBGaVjv,77.025,lb,58.42
948,7v0O4It0ft,29.199,liter,48.85
949,nAj29tcm,63.092,mL,43.66
950,Nj8T6W,68.43,liter,95.97
951,CVQqOliNdo,73.93,liter,31.73
952,fTUbLH3c3Q,64.17,per pack,11.07
953,GIJYtLRF,3.196,liter,22.28
954,nGNwxUazmrct,24.685,mL,9.28
955,eatxXJ59x5,61.343,oz,47.08
956,dLwE5PMt,91.714,per pack,80.34
957,Qym8868,74.29,mL,14.66
958,ajAmyGQ4,21.558,gram,11.29
959,4jzB3n0QOD,44.611,per pack,23.33
960,nIJKNh,97.214,gal,71.91
961,0Q03FA,26.715,liter,35.63
962,1bi8wI,1.119,lb,2.55
963,tVpcTV,69.797,gram,8.68
964,38Jjpk,5.45,mL,40.97
965,zXyY8k7M2,8.063,gram,1.32
966,QdWbtvv,1.757,gal,28.25
967,il3RUb,64.628,lb,74.19
968,9kj1sMb6PEK,22.058,mL,14.46
969,VI0SkXy4T,76.341,lb,42.75
970,0othFz,74.415,liter,16.88
971,vcP1GA,16.364,lb,13.95
972,Hy0O4gNLaG,50.065,per pack,72.08
973,8oMjOTvTSZG9,60.491,gram,13.01
974,fLl8vvyDF,0.627,per pack,99.75
975,hffRfc39n2V,58.339,oz,28.5
976,wJ8mUv,42.341,mL,41.22
977,GJsfdp,44.032,per pack,5.25
978,HyEIoK,95.0,gram,2.98
979,OSKkCSULJokf,99.092,gal,88.84
980,dbKmoukdtI,48.938,liter,13.2
981,ZV20jaT,35.052,gram,15.6
982,VXjZLEkUcqh,39.076,mL,71.58
983,6eTGhCL6,68.59,oz,87.77
984,Z0GIgcuP,99.033,liter,65.36
985,6gz9HP,16.872,lb,77.72
986,ErVpYY4iqhpu,79.586,per pack,93.94
987,SvoVP2rP4MHk,45.613,mL,39.13
988,eje1z7XDDO,76.145,oz,65.94
989,kJZDRgXmfRAO,80.539,mL,78.18
990,Amtf7lEUi,72.519,per pack,32.13
991,0QCPw104qF,39.998,liter,62.26
992,rrbUD5,59.925,liter,13.35
993,sCAHsq,3.49,gram,22.3
994,GXCtjQ5qKZQ,35.244,gal,2.23
995,vI9fQKDCSKEM,17.84,oz,53.94
996,pwJpXO,77.878,oz,56.25
997,VjMDwXBi,4.541,mL,4.62
998,H1UyE8zRSPWJ,95.21,lb,53.19
999,L6cL17Kk,49.77,liter,80.07
1000,khymk5t6BM2F,35.377,lb,52.94
